{
    "type": "FeatureCollection",
    "name": "sites",
    "features": [
        {
            "type": "Feature",
            "properties": {
                "story": [
                    {
                        "image": "img/tour1/our_shared_future2.jpg",
                        "alt": " A metal plaque situated next to a sidewalk on the side of Bascom Hill\u2014the 'Our Shared Future' marker",
                        "caption": " Photo by Gareth Baldrica-Franklin."
                    },
                    {
                        "content": "During fall 2019 the University of Wisconsin took an important step in its ongoing effort to repair and improve its relationship with the Ho-Chunk Nation, whose homelands the University of Wisconsin occupies, with the unveiling of the Our Shared Future heritage marker. \u201cOur Shared Future represents UW-Madison's commitment to respect the inherent sovereignty of the Ho-Chunk Nation and the other First Nations of Wisconsin.\u201d<sup>1</sup>"
                    },
                    {
                        "content": "This marker, a plaque that was permanently installed on Bascom Hill, near South Hall in October 2021, is a physical reminder to all who pass by of the deep Ho-Chunk history of this place, the University of Wisconsin campus, including violent histories of forced land cession, ethnic cleansing, and colonization \u2013 terms intentionally included on the marker."
                    },
                    {
                        "image": "img/tour1/our_shared_future_ceremony.jpg",
                        "alt": " A group of about thirty to forty people stand in front of plaque that reads 'Our Shared Future'.",
                        "caption": " Ho-Chunk dedication of the Our Shared Future marker in 2019. Photo from the UW Photo Collection."
                    },
                    {
                        "content": "In addition to the marker, the Our Shared Future Initiative works to provide ongoing campus-based learning opportunities for the larger community as the University works to heal and strengthen relationships with the Ho-Chunk Nation. Beginning Fall 2024, the University of Wisconsin \u201cguarantees scholarships and grants to meet the full in-state cost of attendance for Wisconsin Native Nations students who are pursuing their first undergraduate degree.\u201d"
                    },
                    {
                        "sources": [
                            {
                                "link": "https://oursharedfuture.wisc.edu/",
                                "linkText": " Our Shared Future",
                                "title": "1"
                            }
                        ]
                    }
                ],
                "name": "Our Shared Future Marker",
                "pointOnTour": 1,
                "pk": 1,
                "tours": "tour1",
                "label": "Begin at the <b>Our Shared Future Marker</b>, next to South Hall on Bascom Hill. <b><i>Tap the circle icon when you arrive.</b><i>",
                "audio": "our_shared_future"
            },
            "geometry": {
                "type": "Point",
                "coordinates": [
                    -89.40320843626421,
                    43.075004755514485
                ]
            }
        },
        {
            "type": "Feature",
            "properties": {
                "story": [
                    {
                        "image": "img/tour1/lincoln.jpg",
                        "alt": " A metal statue of Abraham Lincoln sits on a cement pedestal in from of Bascom Hall, University of Wisconsin-Madison.",
                        "caption": " Photo by Gareth Baldrica-Franklin."
                    },
                    {
                        "content": "While Abraham Lincoln is perhaps most recognized for his role as president during the Civil War (1861-1865), Lincoln\u2019s role in the U.S.-Dakota War is less known.<sup>1</sup> After years of broken treaties, unfulfilled annuity payments, and the rapid encroachment of white settlers across Dakota homelands, tensions between settlers and Dakota communities came to a head in southern Minnesota during late summer 1862, when Dakota people faced imminent starvation.\u00a0"
                    },
                    {
                        "content": "By the mid-1800s, Ho-Chunk community members in present-day Wisconsin had faced a series of attempts at forced removal from their homelands. One of these removals forced Ho-Chunks onto reservations in present-day Minnesota. Here, the Ho-Chunk endured similar violences to that of the Dakota.\u00a0"
                    },
                    {
                        "image": "img/tour1/mankato_execution.jpg",
                        "alt": " An old newspaper print with the caption: 'The Execution of Sioux Indians by the U.S Authorities, at Mankato, Minnesota, Friday, December 26th\u2014from a scratch by W.H Childs.' In the upper left there is a gallows platform on which several people are being hanged. There is an American flag on a flagpole next to the platform. Surrounding the platform are concentric rows of soliders in all four directions. The back rows contain soldiers on horseback. There are buildings in the distance.",
                        "caption": " Public execution of Dakota men in Mankato. Image from MPR News Copied from a 1863 sketch by W.H. Childs."
                    },
                    {
                        "content": "The U.S.-Dakota war spanned six weeks, unfolding across the Minnesota River valley. Upon the war\u2019s end, Dakota and Ho-Chunk women, children, and elders were forced marched to Fort Snelling and held in a concentration camp below the river bluffs, while men were held separately with many facing trial by a military tribunal for war crimes.\u00a0\u00a0"
                    },
                    {
                        "content": "In total, 392 Dakota men were tried and 303 were sentenced to death by hanging for their perceived role in the U.S.-Dakota War.<sup>2</sup> In addition, \u201cfifteen Ho-Chunk men\u201d were charged \u201cwith participating in the war against settlers.\u201d<sup>3</sup> Upon review of trial proceedings, President Lincoln sent a list of 39 Dakota men to be hanged to Colonel Henry Sibley, who led military forces during the U.S.-Dakota War. On December 26th, 1862 at 10:00am, the Dakota prisoners sentenced to death by hanging were led to the gallows in Mankato, Minnesota in front of nearly 4,000 spectators. After one Dakota man was granted a last-minute reprieve, 38 Dakota men were hanged, their bodies on full display. This remains the largest mass execution in U.S. history.\u00a0\u00a0"
                    },
                    {
                        "image": "img/tour1/dakota38_memorial.jpg",
                        "alt": " A group of people on riding on horseback through a street.",
                        "caption": " Dakota horseback riders in Mankato for the 38 Memorial Dedication in 2012. Photo from Jackson Forderer, MPR News."
                    },
                    {
                        "content": "In the spring of 1863 Dakota and Ho-Chunk were exiled from Minnesota. This legislation remains on the books in the state today.\u00a0\u00a0"
                    },
                    {
                        "content": "Today, the Lincoln statue remains atop Bascom Hill. There continues to be ongoing student led efforts to remove this controversial statue. Created by Adolph A. Weinman, this statue was gifted to UW by Richard Lloyd Jones. Jones, a local newspaper publisher in Madison, was \u201ca known racist...who frequently published articles instigating violence against Black people.\u201d<sup>4</sup>"
                    },
                    {
                        "sources": [
                            {
                                "link": "https://www.usdakotawar.org",
                                "linkText": " U.S. Dakota War",
                                "title": "1"
                            },
                            {
                                "link": "https://www.usdakotawar.org/history/aftermath",
                                "linkText": " US Dakota War Aftermath",
                                "title": "2"
                            },
                            {
                                "link": "https://uncpress.org/book/9781469673608/citizens-of-a-stolen-land/",
                                "linkText": " Stephen Kantrowitz, Citizens of a Stolen Land: A Ho-Chunk History of the Nineteenth-Century United States.",
                                "title": "3"
                            },
                            {
                                "link": "https://badgerherald.com/news/2020/06/26/uw-students-petition-to-remove-abraham-lincoln-statue-on-bascom-hill/",
                                "linkText": " UW students petition to remove Abraham Lincoln statue on Bascom Hill",
                                "title": "4"
                            }
                        ]
                    }
                ],
                "name": "Abraham Lincoln Statue",
                "pointOnTour": 2,
                "pk": 2,
                "tours": "tour1",
                "label": "Stop at the <b>Abraham Lincoln Statue</b>",
                "audio": "lincoln_statue"
            },
            "geometry": {
                "type": "Point",
                "coordinates": [
                    -89.40364000463651,
                    43.07531550381104
                ]
            }
        },
        {
            "type": "Feature",
            "properties": {
                "story": [
                    {
                        "image": "img/tour1/ho_chunk_banner.jpg",
                        "alt": " A view of Bascom Hall, on the UW Madison Campus, with the Ho-Chunk banners hung between the white columns at the front of the building. There are three panels to the banner, and the texture resembles beadwork. The center panel has a representation of a thunderbird in the upper middle, and two water spirits beneath it. The left and right panels are symmetrical, each containing two geometric representations of the four lakes of Teejop. Beneath each panel are four symbols representing the Ho-Chunk clans, resulting in twelve total.",
                        "caption": " Photo by Gareth Baldrica-Franklin."
                    },
                    {
                        "content": "Note: The Ho-Chunk Banners will only be on display intermittently throughout Spring Semester 2024."
                    },
                    {
                        "content": "The University of Wisconsin celebrated its 175th anniversary as an academic institution during the 2023-2024 academic year. At the same time, the University acknowledged that our campus occupies the ancestral lands of the Ho-Chunk Nation, Indigenous peoples who have lived in the region since time immemorial."
                    },
                    {
                        "image": "img/tour1/ho_chunk_banner_ceremony.jpg",
                        "alt": " A view of Bascom Hill\u2014with Bascom Hall in the background, showing the Ho-Chunk banner\u2014on November 9th, 2023, the day the banner was unveiled.",
                        "caption": " The banners on the day of their unveiling ceremony. Photo by Gareth Baldrica-Franklin."
                    },
                    {
                        "content": "The Ho-Chunk banners, an artwork titled \u201cSeed by Seed,\u201d feature prominently at the front of Bascom Hall. Composed of three panels and 160,000 \u201cbeads,\u201d the design is inspired by Ho-Chunk beadwork. This public art display is the result of collaborative efforts of graduate student Molli Pauliot (Ho-Chunk), Associate Professor of Design Studies Marianne Fairbanks, and Digital Arts Professor Stephen Hillyard."
                    },
                    {
                        "content": "As described by Molli Pauliot (Ho-Chunk), the center panel highlights the Thunderbird, associated with the enforcement of peace in blue with two connected Water Spirits located below it. These forms, referencing the upper and lower worlds, are significant in Ho-Chunk culture and can be seen in mound form on Observatory Hill. The four squares on the two outer panels represent the four lakes of the Teejop region (Lakes Mendota, Monona, Kegonsa, and Waubesa). Along the bottom of each panel are a series of twelve figures representing the twelve Ho-Chunk clans (family groups) which organize Ho-Chunk society. The colors and symbols represented on the panels reflect Ho-Chunk cultural traditions, corresponding with specific clans, defining qualities that clan members strive to emulate."
                    },
                    {
                        "content": "The Ho-Chunk panels were on display through the 2023-2024 academic year, but are occasionally raised for special events. "
                    }
                ],
                "name": "Bascom Hall Ho-Chunk Banner",
                "pointOnTour": 3,
                "pk": 3,
                "tours": "tour1",
                "audio": "ho-chunk_banners",
                "label": "Walk to the front of <b>Bascom Hall</b> to see the <b>Ho-Chunk banner</b>."
            },
            "geometry": {
                "type": "Point",
                "coordinates": [
                    -89.4038114692214,
                    43.0754074520365
                ]
            }
        },
        {
            "type": "Feature",
            "properties": {
                "story": [
                    {
                        "image": "img/tour1/ho_chunk_flag.jpg",
                        "alt": " A blue and white flag of the Ho-Chunk nation flapping on a flagpole in front of Bascom Hall on the UW-Madison campus.",
                        "caption": " Photo by Gareth Baldrica-Franklin."
                    },
                    {
                        "content": "November 5th, 2021 marked a historic occasion. For the first time ever, the Ho-Chunk Nation flag flew high over Bascom Hill and the University of Wisconsin campus. This flag raising, marked by a formal ceremony with Ho-Chunk elders, tribal members, and students in attendance was a component of the Our Shared Future Initiative that has worked to affirm \u201cthe special relationship between UW-Madison and the Ho-Chunk Nation that grows from the location of the campus on the ancestral Ho-Chunk land known as <b class='pronounce'>Teejop</b>.<sup>1</sup>"
                    },
                    {
                        "content": "Unfortunately, the Ho-Chunk Nation flag, flying high above our university, is not a permanent feature. Instead, the flag of the sovereign Ho-Chunk Nation, whose homelands UW-Madison occupies, is currently only flown for certain pre-selected dates and observances, in accordance with UW-Madison and State of Wisconsin flag policy."
                    },
                    {
                        "image": "img/tour1/flag.jpg",
                        "alt": " A person is holding white and blue flag with a circular seal reading: 'The seal of the Ho-Chunk'.",
                        "caption": " 2021 Ho-Chunk flag dedication ceremony. Photo by Bryce Richter, UW Madison News."
                    },
                    {
                        "content": "In 2022, the Ho-Chunk Nation flag was raised over Bascom on September 15th, in recognition of Treaty Day, on October 10th for Indigenous Peoples Day, and during the entirety of November\u2014the National Native American Heritage month.<sup>2</sup> There is ongoing collaboration between the University and the Ho-Chunk Nation to ensure the Ho-Chunk Nation flag, flying high above Bascom, becomes a more common feature on our campus."
                    },
                    {
                        "content": "As you make your way to the next tour stop, please take time to reflect on what it means to have the Ho-Chunk Nation flag flying high on Bascom, not only a Ho-Chunk place, but the site of a Ho-Chunk effigy mound that was destroyed during the construction of the University."
                    },
                    {
                        "sources": [
                            {
                                "link": "https:/oursharedfuture.wisc.edu/",
                                "linkText": "  Our Shared Future",
                                "title": "1"
                            },
                            {
                                "link": "https:/tribalrelations.wisc.edu/2022/08/31/ho-chunk-nation-flag-raising-2022/",
                                "linkText": "  Ho-Chunk Nation Flag Raising Ceremony, September 15, 2022",
                                "title": "2"
                            }
                        ]
                    }
                ],
                "name": "Bascom Hall Ho-Chunk Flag",
                "pointOnTour": 4,
                "pk": 4,
                "tours": "tour1",
                "audio": "ho-chunk_flag",
                "label": "Stop by the flagpole next to <b>Bascom Hall</b>."
            },
            "geometry": {
                "type": "Point",
                "coordinates": [
                    -89.4037891536993,
                    43.0755304980818
                ]
            }
        },
        {
            "type": "Feature",
            "properties": {
                "story": [
                    {
                        "image": "img/tour1/blackhawk_marker2.jpg",
                        "alt": " The Black Hawk Marker from a distance, placed in front of bushes and next to bike racks. It is quite smal.",
                        "caption": " The Black Hawk Marker can be seen in the lower right of the photo. Photo by Gareth Baldrica-Franklin."
                    },
                    {
                        "content": "The Black Hawk Marker, located outside of Sewell Social Science Hall, is a present-day marker of Black Hawk\u2019s, a Sauk and Fox War Chief, pursuit by the U.S. militia."
                    },
                    {
                        "content": "The Black Hawk War was instigated by the 1830 removal of the Sauk and Fox Tribes to reservations in Iowa. Faced with an uncharacteristically harsh winter and the U.S. government\u2019s failure to deliver promised food rations, Black Hawk led a delegation of 2,000 people \u2013 approximately 400 warriors and 1,600 women, children, and elders \u2013 to shelter with the Ho-Chunk and Oijbwe.<sup>1</sup>"
                    },
                    {
                        "content": "Interpreting Black Hawk\u2019s movement as an act of aggression, the U.S. military pursued and attacked. Suffering numerous casualties, the delegation altered course, wishing to assure U.S. forces of their intention to return to the reservation in Iowa. Unconvinced, contemporary soldier accounts reveal numerous instances of U.S. soldiers executing Sauk and Fox representatives sent with flags of truce.<sup>2</sup>"
                    },
                    {
                        "image": "img/tour1/blackhawk.jpg",
                        "alt": " A metal plaque that reads: 'Black Hawk - Sauk Chief retreated through these grounds July 21, 1832 pursued by militia and U.S regulars. Placed by the class of 1888, U.W, June 17th, 1913.'.",
                        "caption": " The Black Hawk Marker, photo by Gareth Baldrica-Franklin."
                    },
                    {
                        "content": "Just over one week after the event commemorated on the Black Hawk Marker, Black Hawk attempted to surrender on August 1st, 1832 on the banks of the Mississippi River in exchange for the safe passage of his followers. Due to a mistranslation, the U.S. military instead launched an attack, opening fire indiscriminately upon men, women, children, and elders as they attempted to swim to the far shore for safety.<sup>3</sup> Known now as the Bad Axe Massacre, the action marked the last major event in the Black Hawk War. Black Hawk survived but was captured weeks later by the U.S. military."
                    },
                    {
                        "content": "In its entirety, the plaque reads, <i>Black Hawk, Sauk Chief, retreated through these grounds July 21st, 1832 pursued by militia and U.S. regulars. Placed by the class of 1888. U.W. June 17, 1913.</i>"
                    },
                    {
                        "sources": [
                            {
                                "link": "https://www.gutenberg.org/files/7097/7097-h/7097-h.htm",
                                "linkText": " <i>Life, Death and Burial of the old Chief, Together with a History of the Black Hawk War</i>",
                                "title": "1"
                            },
                            {
                                "link": "https://www.gutenberg.org/files/7097/7097-h/7097-h.htm",
                                "linkText": " A Reminiscence of Black Hawk' Found in <i>Autobiography of Ma-Ka-Tai-Me-She-Kia-Kiak, or Black Hawk<i>",
                                "title": " 2"
                            },
                            {
                                "link": "https://www.gutenberg.org/files/7097/7097-h/7097-h.htm",
                                "linkText": " <i>Life, Death and Burial of the old Chief, Together with a History of the Black Hawk War<i>",
                                "title": "3"
                            }
                        ]
                    }
                ],
                "name": "Black Hawk Marker",
                "pointOnTour": 5,
                "pk": 5,
                "tours": "tour1",
                "audio": "blackhawk_marker",
                "label": "Travel down <b>Observatory Drive</b> until you reach the <b>Blackhawk Marker</b>. It is just south of the clock tower next to the social sciences building."
            },
            "geometry": {
                "type": "Point",
                "coordinates": [
                    -89.4048520457725,
                    43.0760070872572
                ]
            }
        },
        {
            "type": "Feature",
            "properties": {
                "story": [
                    {
                        "image": "img/tour1/effigy-bird-form.jpg",
                        "alt": " A metal sculpture, Effigy: Bird Form, sits on a grassy hill. The sculpture is comprised of curved tubes of metal, arranged and connected to one another into the shape of a bird.",
                        "caption": " Photo by Gareth Baldrica-Franklin."
                    },
                    {
                        "content": "Truman Lowe, an internationally acclaimed Ho-Chunk artist, incorporated his culture and identity into his artistic work. One such piece is Lowe\u2019s 1997 aluminum sculpture, \u201cEffigy: Bird Form.\u201d On September 15th, 2023, with members of Lowe\u2019s family in attendance, \u201cEffigy: Bird Form\u201d was dedicated at UW-Madison, marking its return home."
                    },
                    {
                        "content": "Lowe once described his intentions and inspiration for this sculpture as \u201cI wanted my inspiration for this sculpture to come from a culture that inhabited this area and left its mark with earthen mounds \u2013 a unique way of showing respect and living with the Earth. This is my attempt to pay my respects, to celebrate the longevity of our history and our traditions. We have endured and I know we will survive\u201d.<sup>1</sup>"
                    },
                    {
                        "image": "img/tour1/truman_lowe.jpg",
                        "alt": " Truman Lowe holding a piece of wood next to one of his students",
                        "caption": " Truman Lowe instructing a student in a wood sculpture class in 2004. Photo from UW Education."
                    },
                    {
                        "content": "Lowe was a student and eventually a professor at UW-Madison. He spent many years as the Art Department chair and coordinator for the Native American Studies Program. Lowe also chaired the Chancellor\u2019s Scholarship Committee where he worked to recruit and support underrepresented students.<sup>2</sup> His artwork has been exhibited around the United States, Canada, Europe, Africa, South America, and New Zealand\u2014including places like the Met. Though a global artist, Lowe was committed to centering his Ho-Chunk culture and perspectives in this work. As you move to the next tour stop, of one of the few remaining in tact effigy mounds on campus, please take a moment to reflect on the significance of Lowe\u2019s work, as a Ho-Chunk artist, to our campus."
                    },
                    {
                        "sources": [
                            {
                                "link": "https://facilities.fpm.wisc.edu/truman-lowe-sculpture-event-on-sept-15/",
                                "linkText": " Truman Lowe sculpture dedication on Sept. 15",
                                "title": "1"
                            },
                            {
                                "link": "https://diversity.wisc.edu/2019/04/truman-lowe-acclaimed-ho-chunk-artist-and-professor-emeritus-dies-at-75/",
                                "linkText": " Truman Lowe, acclaimed Ho-Chunk artist and professor emeritus, dies at 75",
                                "title": "2"
                            }
                        ]
                    }
                ],
                "name": "Effigy Bird Form",
                "pointOnTour": 6,
                "pk": 6,
                "tours": "tour1",
                "audio": "effigy_bird_form",
                "label": null
            },
            "geometry": {
                "type": "Point",
                "coordinates": [
                    -89.4066576236855,
                    43.0760809165053
                ]
            }
        },
        {
            "type": "Feature",
            "properties": {
                "story": [
                    {
                        "image": "img/tour1/obs_mounds_v2.jpg",
                        "alt": " The raised grass of a Ho Chunk effigy mound, located on Observatory Hill, University of Wisconsin\u2013Madison.",
                        "caption": " Photo by Gareth Baldrica-Franklin."
                    },
                    {
                        "content": "The Observatory Hill Mound Group remains one of the most visible reminders of the Ho-Chunk-history of campus. This mound group likely contained six mounds, though only two are visible today.<sup>1</sup> Ho-Chunk scholar and tribal member Kendra Greendeer reminds us, \u201cwhat we see today is the result of removing ancestral monuments as Madison became a western city.\u201d<sup>2</sup>"
                    },
                    {
                        "content": "The two visible mounds that remain are those in the shape of a bird and a unique two-tailed water spirit. Until recent consultations with Ho-Chunk knowledge carriers, this rare two-tailed water spirit mound was believed by non-Native scholars to be a turtle mound.<sup>3</sup>"
                    },
                    {
                        "content": "As you have likely observed, this mound group has been significantly disturbed by the University\u2019s presence. The wing of the bird effigy mound, the eastern tail of the water spirit, and the portion of the water spirit that faces west have all been destroyed by campus sidewalks. Despite this damage, this remains a sacred place for Ho-Chunk community members."
                    },
                    {
                        "content": "As burial sites, effigy mounds are protected by law.<sup>4</sup></sup> Mounds located on non-federal lands are protected by the Wisconsin Burial Sites Preservation Law and mounds located on federal lands are protected by the Archaeological resources"
                    },
                    {
                        "content": "Protection Act and the Native American Graves Protection and Repatriation Act. Despite such protection, effigy mounds, including the Observatory Hill Mound group, continue to face the threat of destruction, both unintentional and otherwise. A recent example of the threat mounds face came in 2021 when a UW-Madison soil sciences student damaged the two-tail water spirit mound by removing \u201cabout five gallons of soil.\u201d<sup>5</sup>"
                    },
                    {
                        "content": "As you make your way to the next stop, the <b>Tree of Peace</b>, continue down the sidewalk and stop before it forks. The tree is to the right, towards the lake."
                    },
                    {
                        "sources": [
                            {
                                "link": "https://lakeshorepreserve.wisc.edu/native-americans-and-the-preserve/",
                                "linkText": " Native Americans and the Preserve",
                                "title": "1"
                            },
                            {
                                "link": "https://edgeeffects.net/native-histories/",
                                "linkText": " The Land Remembers Native Histories",
                                "title": "2"
                            },
                            {
                                "link": "https://www.wisconsinhistory.org/Records/Image/IM34547",
                                "linkText": " Turtle Mound on Observatory Hill",
                                "title": "3"
                            },
                            {
                                "link": "https://lakeshorepreserve.wisc.edu/native-americans-and-the-preserve/",
                                "linkText": " Native Americans and the Preserve \u2013 Protection",
                                "title": "4"
                            },
                            {
                                "link": "https://tonemadison.com/articles/damage-to-a-mound-disturbs-uw-madisons-indigenous-community/",
                                "linkText": " Damage to a Mound Disturbs UW Madison's Indigenous Community",
                                "title": "5"
                            }
                        ]
                    }
                ],
                "name": "Observatory Hill Effigy Mounds",
                "pointOnTour": 7,
                "pk": 7,
                "tours": "tour1",
                "audio": "observatory_mounds",
                "label": null
            },
            "geometry": {
                "type": "Point",
                "coordinates": [
                    -89.409766424632,
                    43.0760860279168
                ]
            }
        },
        {
            "type": "Feature",
            "properties": {
                "story": [
                    {
                        "image": "img/tour1/tree_of_peace.jpg",
                        "alt": " A stone marker sitting in front of a white pine tree. The text on the marker reads: 'For those people of the earth who search for the past, to healing power, wisdom and security. The tree will never die. As long as the tree lives, people live. Planted April 9th, 1988.'.",
                        "caption": " Photo by Gareth Baldrica-Franklin."
                    },
                    {
                        "content": "On April 9, 1988, Tekaronianeken Jake Swamp, a Mohawk elder from Akwesasne, planted the Tree of Peace in a ceremony near the bird mound on Observatory Hill. Swamp, the founder of the Tree of Peace Society, began planting white pines -a culturally significant tree for Haudenosaunee (Iroquois) Confederacy -to promote Haudenosaunee teachings and spread wider ecological awareness.<sup>1</sup> "
                    },
                    {
                        "image": "img/tour1/tree_of_peace_ceremony.jpg",
                        "alt": " Two men standing next to a pine sapling. The man on the right is Jake Swamp. There is a small group of people watching the event.",
                        "caption": " The Tree of Peace planting and ceremony, retrieved from: UW Digital Collections."
                    },
                    {
                        "content": "When Swamp came to UW-Madison, the state of Wisconsin was in the midst of the Walleye Wars, which were years\u2019 long protests against Ojibwe treaty fishing rights. Non-Native protestors often resorted to the use of provocative signage featuring violent slogans such as \u201cSave a walleye, spear an Indian\u201d and on more than one occasion Native fishers were assaulted by protestors.<sup>2</sup> The significant tension surrounding the reaffirmed practice of treaty rights led to frequent open expressions of anti-Native sentiment. It is in this context that Swamp was invited to campus to plant a Tree of Peace, which would \u201cencourage unity and environmental stewardship\u201d and \u201cremind[s us about caring for one another and caring for the environment.\u201d<sup>3</sup> Though many tensions still remain within in Wisconsin regarding the ongoing practice of Ojibwe treaty fishing rights, the Tree of Peace stands on campus to \u201cprovide us comfort\u201d and everyone is invited to visit the tree when in need."
                    },
                    {
                        "content": "If you choose not to approach the Tree of Peace, the accompanying stone marker reads: <i>For those people of the earth who search for the past, to healing power, wisdom and security. The tree will never die. As long as the tree lives people live. Planted April 9, 1988."
                    },
                    {
                        "content": "This concludes <b class='pronounce'>M\u0105\u012frakere</b>, the first tour in the Mapping Teejop digital tour series. To learn more about the Ho-Chunk and Indigenous history and presence at UW, please visit: <a href='https://oursharedfuture.wisc.edu/'>Our Shared Future Initiative</a>, <a href='https://50years.amindian.wisc.edu/'>The American Indian Studies 50th Anniversary Exhibit</a>, <a href='https://reckoning.wisc.edu/'>The UW Public History Project, Sifting and Reckoning</a>, <a href='https://lakeshorepreserve.wisc.edu/native-americans-and-the-preserve/'>The UW Lakeshore Preserve</a>, <a href='https://ho-chunknation.com/'>Ho-Chunk Nation</a>."
                    },
                    {
                        "sources": [
                            {
                                "link": "https://indigenousvalues.org/haudenosaunee-values/great-tree-peace-skaehetsi%CB%80kona/",
                                "linkText": " Great Tree of Peace",
                                "title": "1"
                            },
                            {
                                "link": "https://www.mpm.edu/educators/wirp/nations/ojibwe/spearfishing-controversy",
                                "linkText": " Spearfishing Convtroversy",
                                "title": "2"
                            },
                            {
                                "link": "https://tribalrelations.wisc.edu/2021/07/12/tree-of-peace/",
                                "linkText": " Tree of Peace",
                                "title": "3"
                            }
                        ]
                    }
                ],
                "name": "Tree of Peace",
                "pointOnTour": 8,
                "pk": 8,
                "tours": "tour1",
                "audio": "tree_of_peace",
                "label": "As you make your way to the next stop, the <b>Tree of Peace</b>, continue down the sidewalk and stop before it forks. The tree is to the right, towards the lake. Please do not leave the sidewalk to avoid stepping on the mounds."
            },
            "geometry": {
                "type": "Point",
                "coordinates": [
                    -89.410061686668,
                    43.0760562281966
                ]
            }
        },
        {
            "type": "Feature",
            "properties": {
                "story": [
                    {
                        "image": "img/tour2/dejope_entrance.jpg",
                        "alt": " The exterior of Dejope Residence hall during a mild autumn day in October, 2023",
                        "caption": " Photo from UW-Madison, retrieved from <a href='https://uwmadison-photos.photoshelter.com/search/result/I00002ZLIj8vfg7Q?terms=dejope%20hall&'>UW Photo Library</a>."
                    },
                    {
                        "content": "At a cost of $47.6 million, the Dejope Residence Hall on the University of Wisconsin campus opened in 2012. Today, Dejope is home to nearly 600 students, most of whom are first year students."
                    },
                    {
                        "content": "The name of the residence hall, Dejope, comes from Hoc\u0105k (the Ho-Chunk language) and translates to English as \u201cfour lakes.\u201d<sup>1</sup> The name, Dejope, was selected after outreach and consultation with members of the Ho-Chunk Nation, including Chris Jendrisak, the first member of the Ho-Chunk Nation to graduate from UW in 1975.<sup>2</sup> The Ho-Chunk Nation Legislature then \u201cpassed a resolution allowing University Housing to use Dejope as a residence Hall name.\u201d<sup>3</sup> The Ho-Chunk Nation views the Dejope Residence Hall name as a way to make Native students feel more comfortable and welcome on campus."
                    },
                    {
                        "content": "By using the name, Dejope, campus creates a dialog to better recognize this important landscape, a landscape the Ho-Chunk peoples have called home for thousands of years. These homelands have been occupied by the University of Wisconsin since 1848, when the university was established. This important geography has been, and continues to be, defined by the waterways of Lake Mendota (<b class='pronounce'>Tee W\u0105\u0105k\u0161ik Hom\u012fk</b>), Lake Monona (Tee \u010cihabokihaketera), Lake Waubesa (Tee Sahu Xetera), and Lake Kegonsa (Tee N\u0105s\u0105ku\u010ditera). Beyond Dejope, Ho-Chunk homelands spanned the areas we recognize today of southern Wisconsin, northern Illinois, eastern Iowa, and southeastern Minnesota."
                    },
                    {
                        "content": "Today, Dejope Residence Hall, which was constructed in the shape of a thunderbird, an important being in Ho-Chunk culture, incorporates aspects of Ho-Chunk history, art, and culture both inside and out"
                    },
                    {
                        "sources": [
                            {
                                "note": " both Dejope and Teejop are accurate Hoc\u0105k spellings of the four lakes region. We have chosen to use the most recent orthographic spelling for the tour series, Teejop. However, for purposes of consistency we will use Dejope throughout the first and second stops, which are within Dejope Residence Hall.",
                                "title": "1"
                            },
                            {
                                "link": "http://www.hocakworak.com/archives/2012/Issue16.pdf",
                                "linkText": " Dejope Hall opens on the University of Wisconsin",
                                "title": "2"
                            },
                            {
                                "link": "https://news.wisc.edu/dejope-residence-hall-to-welcome-students-this-fall/",
                                "linkText": " Dejope Residence Hall to welcome students this fall",
                                "title": "3"
                            }
                        ]
                    }
                ],
                "name": "Dejope Hall",
                "pointOnTour": 1,
                "pk": 9,
                "tours": "tour2",
                "audio": "dejope_entrance",
                "label": "Begin the tour outside the east entrace of Dejope Hall. <b><i>Tap the circle icon when you arrive.</b><i>"
            },
            "geometry": {
                "type": "Point",
                "coordinates": [
                    -89.416603024,
                    43.0775294001
                ]
            }
        },
        {
            "type": "Feature",
            "properties": {
                "story": [
                    {
                        "image": "img/tour2/dejope_lobby.jpg",
                        "alt": " The lobby area of Dejope Hall. The shape of Ho-Chunk effigy mounds are present in the floor tiles in front of the main desk.",
                        "caption": " Photo by Gareth Baldrica-Franklin."
                    },
                    {
                        "content": "As you make your way into and through Dejope Hall, you will likely take in the beauty of this residence hall and observe that it is unlike any other on campus and distinct from most others nationwide."
                    },
                    {
                        "content": "To recognize the importance of Teejop, past and present, the numerous designers involved in Dejope\u2019s construction, in consultation with University of Wisconsin officials and members of the Ho-Chunk Nation, worked to incorporate Ho-Chunk art and language throughout the building."
                    },
                    {
                        "content": "Within the building, designers used \u201ccurved ceilings, cove lighting, and floor patterns throughout the space to reflect the flow and movement of water.\u201d<sup>1</sup> Near the center of the building, in front of the main desk and bedded into the terrazzo flooring are the four remaining mound groups located on campus - Observatory Hill, Willow Drive, Picnic Point, and Eagle Heights. Interior designers also worked to incorporate representations of Ho-Chunk basketry through the use of earth tones and mosaic tile."
                    },
                    {
                        "content": "Several pieces of artwork are also on display within Dejope as constant reminders that this is an Indigenous, a Ho-Chunk, place. Near the east entrance, is an image of the four lakes region created with fused glass accompanied by signage that explains the name Dejope and shows effigy mound sites in the lakeshore area."
                    },
                    {
                        "content": "Near the main reception area in the center of the building, artwork created by Ho-Chunk artists is on display. Here, you will see a blanket by Truman Lowe, who was a professor of art at UW- Madison, and two items by Pamela Whitehorse \u2013 a dream catcher and an applique piece."
                    },
                    {
                        "sources": [
                            {
                                "link": "https://www.mackeymitchell.com/projects/dejope-residence-hall-dining/",
                                "linkText": " Dejope Residence Hall & Dining",
                                "title": "1"
                            }
                        ]
                    }
                ],
                "name": "Dejope Hall Lobby",
                "pointOnTour": 2,
                "pk": 10,
                "tours": "tour2",
                "audio": "dejope_lobby",
                "label": "Enter <b>Dejope Hall</b> and head down the hallway until you reach the main lobby."
            },
            "geometry": {
                "type": "Point",
                "coordinates": [
                    -89.4175718357817,
                    43.0776028290852
                ]
            }
        },
        {
            "type": "Feature",
            "properties": {
                "story": [
                    {
                        "image": "img/tour2/birch_canoe.jpg",
                        "alt": " A birch-bark canoe is suspended horizontally in the middle of Dejope Dining Hall, about 10 feet off the ground.",
                        "caption": " Photo by Gareth Baldrica-Franklin."
                    },
                    {
                        "content": "As you make your way toward the northwest corner of Dejope Residence Hall and approach the dining area of the Four Lakes Market, you will see a birchbark canoe suspended from the ceiling, hanging in the center of the room."
                    },
                    {
                        "content": "Wayne Valliere (Mino-giizhig), Lac du Flambeau Band of Lake Superior Chippewa, worked with Lac du Flambeau community members and UW-Madison students to create the birchbark canoe, a project that began while Valliere was an artist in residence at UW-Madison. This particular canoe was constructed through the collaborative Wiigwaasi-Jiimaan: These Canoes Carry Culture Program, \u201cdesigned to teach Ojibwe youth the art of birchbark canoe building,\u201d along with Ojibwe language and culture.<sup>1</sup>"
                    },
                    {
                        "image": "img/tour2/birchbark_rolls_marcus.jpg",
                        "alt": " A pile of rolled bundles of birch bark, each tied with a white string.",
                        "caption": " Rolled birch bark used in the Canoe's construction, credit Marcus Cederstr\u00f6m, retrieved from <a href='https://wiigwaasijiimaan.wordpress.com/harvesting/wiigwaas-birchbark/#jp-carousel-8'>Wiigwaasi-Jiimaan</a>."
                    },
                    {
                        "content": "Many of the materials used for this canoe\u2019s construction, including spruce roots, birchbark, pine pitch, and white cedar were harvested from the Lac du Flambeau Reservation in northern Wisconsin throughout the year prior to its construction. Each of the materials used for the canoe\u2019s construction were harvested seasonally according to Ojibwe cultural teachings. Chair and Professor of German, Nordic, and Slavic+, who participated in the canoe\u2019s construction, remarked, \u201cIt is always the intention to use [the canoe every year and to remind students of that relationship with Lac du Flambeau.\u201d<sup>2</sup>"
                    },
                    {
                        "content": "While the canoe was constructed at the University of Wisconsin campus, it returned home to Lac du Flambeau where it received an Ojibwe blessing and was launched in Lake Pokegema during a community celebration. When the canoe returned to UW-Madison, it was launched into Lake Mendota (<b class='pronounce'>Tee W\u0105\u0105k\u0161ik Hom\u012fk</b>) near the Memorial Union and was paddled to Dejope Residence Hall. As living beings, birchbark canoes are culturally significant within Ojibwe culture and must be cared for, which helps to explain its placement in the dining hall, where food is served and students gather. This care also includes regular use of the canoe by community members."
                    },
                    {
                        "content": "For more information about the canoe, please visit its <a target='_blank' href='https://wiigwaasijiimaan.wordpress.com/2013/09/03/wiigwaasi-jiimaan-these-canoes-carry-culture/'>website</a>."
                    },
                    {
                        "sources": [
                            {
                                "link": "https://wiigwaasijiimaan.wordpress.com/2013/09/03/wiigwaasi-jiimaan-these-canoes-carry-culture/",
                                "linkText": " Wiigwaasi-Jiimaan \u2013 These Canoes Carry Culture",
                                "title": "1"
                            },
                            {
                                "link": "https://news.wisc.edu/ojibwe-birchbark-canoe-returns-to-lake-mendota-after-10-years-connecting-to-1000s-of-years-of-art-and-culture/",
                                "linkText": " Ojibwe birchbark canoe returns to Lake Mendota after 10 years, connecting to 1,000s of years of art and culture",
                                "title": "2"
                            }
                        ]
                    }
                ],
                "name": "Birch Bark Canoe",
                "pointOnTour": 3,
                "pk": 11,
                "tours": "tour2",
                "audio": "birchbark_canoe",
                "label": "Take a slight right towards the Four Lakes Market, continue down the hallway until you near the exit. Look for a <b>canoe</b> near the ceiling."
            },
            "geometry": {
                "type": "Point",
                "coordinates": [
                    -89.4175667460279,
                    43.077884887052
                ]
            }
        },
        {
            "type": "Feature",
            "properties": {
                "story": [
                    {
                        "image": "img/tour2/dejope_fire_circle.jpg",
                        "alt": " A small fire circle comprised stones with old ash at its center. The circle is located within a section of a larger, concrete circle, upon which are small metal plaques, each representing a Wisconsin Native Nation. Beyond both circles is a grove of trees and the lakeshore.",
                        "caption": " Photo by Gareth Baldrica-Franklin."
                    },
                    {
                        "content": "The Dejope Fire Circle is situated to the north of the Dejope Residence Hall, facing Lake Mendota (<b class='pronounce'>Tee W\u0105\u0105k\u0161ik Hom\u012fk</b>). This accessible and reservable space, that represents the tribal nations of the state of Wisconsin, welcomes use by students and other community members."
                    },
                    {
                        "content": "The fire circle reflects traditional Ho-Chunk ceremonial spaces with entrances located on both the east and west of the circle. Within the circle, each of Wisconsin\u2019s eleven federally-recognized tribes are represented by a bronze plaque on the stone seating area. These plaques were designed with the permission and collaboration of each tribal nation\u2019s respective Heritage Preservation Program. The plaques are organized in relation to the location of each tribe within the state, with the northern plaques representing the Ojibwe (Chippewa) communities and the Ho-Chunk Nation represented at the south. The Brothertown Indian Nation, which is not federally recognized, does not have a plaque. Small replica effigy mounds are adjacent to the fire circle.\""
                    },
                    {
                        "image": "img/tour2/wfn_map.jpg",
                        "alt": " A map of Wisconsin with the seals and headquarters locations of the 12 Tribal Nations of Wisconsin. The northwest and north-central part of the state includes the St. Croix, Lac Courte Oreilles, Red Cliff, Bad River, Lac du Flambeau, and Mole Lake Sokaogon bands of the Ojibwe nation. The northeast portion of the state includes the Forest County Potawatomi, Menominee, Stockbridge-Munsee, and Oneida nations. The southeast includes the Brothertown Nation, and the south-central includes the Ho-Chunk nation. Each seal features iconography significant to the nation.",
                        "caption": " Map of the Tribal Nations of Wisconsin, created by <a href='https://wisconsinfirstnations.org/wp-content/uploads/2017/10/WFN-map-with-seals-cutout-1.jpg'>wisconsinfirstnations.org</a>."
                    },
                    {
                        "content": "Since its construction, the Dejope Fire Circle has been the site of two highly publicized racist events. In 2016, an Indigenous-led healing ceremony for survivors of sexual assault was disrupted by students who \u201cchanted stereotypical war cries\u201d during a Ho-Chunk elder\u2019s prayer.<sup>1</sup> The students involved denied any racial motivation. Later, after the City of Madison declared October 9, 2017 as Indigenous Peoples\u2019 Day rather than Columbus Day, the fire circle was vandalized, with red paint graffiti claiming \u201cColumbus Rules 1492.\u201d<sup>2</sup> Although the act was identified as intentional desecration fueled by bigotry, the incident was never formally termed a hate crime. The person(s) responsible is still unknown."
                    },
                    {
                        "content": "In spite of these incidents, the Dejope Fire Circle remains an important campus space for Indigenous use."
                    },
                    {
                        "sources": [
                            {
                                "link": "https://www.dailycardinal.com/article/2016/04/students-involved-in-dejope-bias-incident-issue-apology",
                                "linkText": " Students involved in Dejope bias incident issue apology",
                                "title": "1"
                            },
                            {
                                "link": "https://apnews.com/article/madison-3b34c484af6e4f7cbeb347861c63451c",
                                "linkText": " Vandal desecrates sacred fire circle at Dejope Hall at UW-Madison",
                                "title": "2"
                            }
                        ]
                    }
                ],
                "name": "Dejope Fire Circle",
                "pointOnTour": 4,
                "pk": 12,
                "tours": "tour2",
                "audio": "dejope_fire_circle",
                "label": "Exit Dejope Hall and head towards the concrete <b>fire circle</b> in the lawn outside."
            },
            "geometry": {
                "type": "Point",
                "coordinates": [
                    -89.4175133547292,
                    43.0782555805773
                ]
            }
        },
        {
            "type": "Feature",
            "properties": {
                "story": [
                    {
                        "image": "img/tour2/oak_savanna.jpg",
                        "alt": " A grove of oak trees on a sunny Autumn day.",
                        "caption": " Photo by Bryn Scriver, acquired from <a href='https://www.flickr.com/photos/lakeshorenaturepreserve/29996200146/in/album-72157673344408012/'>UW-Madison Lakeshore Nature Preserve Photo Collection</a>."
                    },
                    {
                        "content": "Nestled behind the Bakke Recreation Center is a small oak savanna\u2014a tiny fragment of a unique ecosystem that, for millennia, spread through much of the Midwest.\""
                    },
                    {
                        "image": "img/tour2/controlled_burn.jpg",
                        "alt": " A person in a fireproof yellow jacket with full face-covering is carrying a portable blowtorch, a flame hanging from its spout.",
                        "caption": " Controlled burn of an Oak Savanna at the UW-UW Arboretum in 2016, Photo by Jeff Miller, UW-Madison, retrieved from <a href='https://uwmadison-photos.photoshelter.com/search/result/I00003pWNhU65z4A?terms=controlled%20burn&'>UW Photo Collection</a>."
                    },
                    {
                        "content": "Oak savannas were actively maintained through the traditional ecological knowledge and practices of various Indigenous groups, who used controlled burns to keep them healthy.<sup>1</sup> Fire helps cycle soil nutrients, removes competition from other trees, and bolsters wildlife habitat\u2014improving the quality of game and foraged material, and preventing erosion.<sup>2</sup> In Teejop, these ecosystems were managed by the Ho-Chunk."
                    },
                    {
                        "content": "White settlers saw oak savannas as open grasslands and \u201cunused\u201d lands, not recognizing, or actively ignoring, the millennia-old land management practices of Indigenous people. Most oak savannas were converted to intensive agriculture during the nineteenth and twentieth centuries. Others suffered due to fire suppression policies, which allowed trees and invasive species to spread and out-compete oaks, transforming the savannas to dense woodland.<sup>3</sup> In fact, most of the forests in Southwestern Wisconsin were previously open oak savanna. Widespread fire suppression also increases the risk of large wildfires, as evidenced by the rise of massive, uncontrolled, wildfires in the American West."
                    },
                    {
                        "content": "Prior to colonization, Wisconsin contained around 5.5 million acres of oak savanna, and now it is estimated that only 500 acres remain.<sup>4</sup> This small patch of oak savanna was restored between 2008 and 20105, and other oak savanna restoration efforts have taken place in the region, as well, often reintroducing the traditional practice of controlled burns."
                    },
                    {
                        "content": "As you pass the savanna, imagine how this landscape might have looked 300 years ago. Consider how ecological changes reflect broader transformations in our relationship to the land."
                    },
                    {
                        "sources": [
                            {
                                "link": "https://tonemadison.com/articles/a-season-of-fire-and-flood-spring-in-the-oak-savanna/",
                                "linkText": " A season of fire and flood: Spring in the oak savanna",
                                "title": "1"
                            },
                            {
                                "link": "https://oaksavannas.org/",
                                "linkText": " Oak Savannas",
                                "title": "2"
                            },
                            {
                                "link": "https://www.driftlessnow.com/stories-1/a-day-of-restoration",
                                "linkText": "  A day of restoration",
                                "title": "3"
                            },
                            {
                                "link": "https://www.pheasantbranch.org/prairies/history.html#settlement",
                                "linkText": " The Prairies of the Dane County Section of Pheasant Branch Conservancy",
                                "title": "4"
                            },
                            {
                                "link": "https://lakeshorepreserve.wisc.edu/visit/places/willow-creek-woods/",
                                "linkText": " Willow Creek Woods",
                                "title": "5"
                            }
                        ]
                    }
                ],
                "name": "Willow Creek Oak Savanna",
                "pointOnTour": 5,
                "pk": 13,
                "tours": "tour2",
                "audio": "oak_savanna",
                "label": "Head west past the Dejope Hall parking lot, until you reach the edge of the <b>Willow Creek Woods</b> next to the red shed."
            },
            "geometry": {
                "type": "Point",
                "coordinates": [
                    -89.4187305113986,
                    43.0782944522143
                ]
            }
        },
        {
            "type": "Feature",
            "properties": {
                "story": [
                    {
                        "image": "img/tour2/willow_creek_mounds.jpg",
                        "alt": " An effigy mound within a larger grass field. A small plaque is located directly on the front part of the mound.",
                        "caption": " Photo by Gareth Baldrica-Franklin."
                    },
                    {
                        "content": "The Willow Drive Effigy Mound Group, a visible reminder of the Ho-Chunk history on campus, consists of three surviving mounds. From west to east the mound group includes a goose, a mound of unspecified shape, and a water spirit. Ho-Chunk tribal citizen and scholar, Dr. Kendra Greendeer reminds us, \u201cwhat we see today is the result of removing ancestral monuments as Madison became a western city.\u201d<sup>1</sup> An additional conical mound between the goose and mound of unspecified shape is documented in historic records but is no longer visible."
                    },
                    {
                        "content": "The Willow Drive Effigy Mound Group is distinct as it contains both a water spirit and a bird mound, despite being in a relatively low-lying area. While bird mounds are most often associated with bluffs and hilltops, the goose effigy, with clearly defined wing tips, is located in close proximity to Lake Mendota (<b class='pronounce'>Tee W\u0105\u0105k\u0161ik Hom\u012fk</b>). The water spirit, unlike the water spirit found on Observatory Hill, is represented by a four-legged creature with a long tail, often mislabeled as a panther mound.<sup>2</sup> According to Ho-Chunk belief systems and social organization, birds are representative of the Upper World while water sprits are representative of the Lower World."
                    },
                    {
                        "content": "A plaque identifying the mound group, then known as the University Creek Group, was placed on the northern wing of the goose mound in 1922 (please remain on the path to avoid walking on the mounds, which are sacred). Each of the three remaining mounds have sustained damage, with both goose wing tips destroyed by construction of walking paths, damage to the northern portion of the unspecified shape by erosion and compaction, and a truncation of the water spirit\u2019s tail by an unrecorded method."
                    },
                    {
                        "content": "As burial sites, effigy mounds are protected by law.<sup>3</sup> Mounds located on non-federal lands are protected by the Wisconsin Burial Sites Preservation Law and mounds located on federal lands are protected by the Archaeological resources."
                    },
                    {
                        "content": "Protection Act and the Native American Graves Protection and Repatriation Act. Despite such protection, effigy mounds continue to face the threat of destruction, both unintentional and otherwise. A recent example of the threat mounds face came in 2021 when a UW-Madison soil sciences student damaged the two-tail water spirit mound on Observatory Hill by removing \u201cabout five gallons of soil.\u201d"
                    },
                    {
                        "content": "The plaque reads: <i>University Creek Group/Indian Mounds/Effigy Form/Lengths 66, 100 and 143 Feet, Marked by the University, 1922.</i>"
                    },
                    {
                        "sources": [
                            {
                                "link": "https://edgeeffects.net/native-histories/?fbclid=IwAR10NyzxuMHjiuZeyhU-n7JcrkqETsAO3W9hq0CS6laWwuf-YD1cWXTtjBQ",
                                "linkText": " The Land Remembers Native Histories",
                                "title": "1"
                            },
                            {
                                "link": "https://lakeshorepreserve.wisc.edu/native-americans-and-the-preserve/",
                                "linkText": " Native Americans and the Preserve",
                                "title": "2"
                            },
                            {
                                "link": "https://tonemadison.com/articles/damage-to-a-mound-disturbs-uw-madisons-indigenous-community",
                                "linkText": " Damage to a mound disturbs UW-Madison\u2019s Indigenous community",
                                "title": "3"
                            }
                        ]
                    }
                ],
                "name": "Willow Drive Mounds",
                "pointOnTour": 6,
                "pk": 14,
                "tours": "tour2",
                "audio": "willow_creek_mounds",
                "label": null
            },
            "geometry": {
                "type": "Point",
                "coordinates": [
                    -89.4203327135864,
                    43.07802550131
                ]
            }
        },
        {
            "type": "Feature",
            "properties": {
                "story": [
                    {
                        "image": "img/tour2/ho_chunk_clan_circle.jpg",
                        "alt": " A circle comprised of twelve brown metal panels, each one representing one of the Ho-Chunk clans.",
                        "caption": " Photo by Gareth Baldrica-Franklin."
                    },
                    {
                        "content": "In May of 2023 the Ho-Chunk Clan Circle was officially unveiled outside of the Bakke Recreation and Wellbeing Center. The circle consists of twelve metal sculptures representing each of the twelve clans of the Ho-Chunk Nation. Each of the twelve metal sculptures portrays a being of the Ho-Chunk clan system and is accompanied by the Ho-Chunk names for each animal, in addition to an English translation offered below."
                    },
                    {
                        "content": "The Ho-Chunk, who are patrilineal, are organized by clans of the upper world (Thunder, Eagle, Warrior, and Pigeon) and clans of the lower world, which are land and water based (Bear, Snake, Buffalo, Deer, Wolf, Elk, Fish, and Water Spirit)."
                    },
                    {
                        "content": "The sculptures were designed by Ho-Chunk artist Ken Lewis and other advisors of the Ho-Chunk Nation. The project, which began in 2020 amidst the beginning of the COVID-19 pandemic, has been identified as a meaningful effort to build relationships and acknowledge the Ho-Chunk Nation\u2019s relationships to the lands upon which the university sits."
                    },
                    {
                        "content": "At the Clan Circle unveiling in May 2023, Ho-Chunk Chief Clayton Winneshiek and Tribal Historic Preservation Officer Bill Quackenbush spoke about the importance of the Clan Circle for both the Ho-Chunk Nation and for non-Ho-Chunk people in Teejop, describing the Clan Circle\u2019s potential to promote further learning about the Ho-Chunk Nation, Ho-Chunk history, and Ho-Chunk culture.\"  "
                    }
                ],
                "name": "Ho-Chunk Clan Circle",
                "pointOnTour": 7,
                "pk": 15,
                "tours": "tour2",
                "audio": "ho-chunk_clan_circle",
                "label": "Continue up the Lakeshore Nature Preserve path until you reach the banks of Willow Creek, turn left before the bridge, towards the metal <b>Ho-Chunk clan circle</b>."
            },
            "geometry": {
                "type": "Point",
                "coordinates": [
                    -89.4208996126924,
                    43.0776330778334
                ]
            }
        },
        {
            "type": "Feature",
            "properties": {
                "story": [
                    {
                        "image": "img/tour2/picnic_point_view.jpg",
                        "alt": " A view of the University Bay section of Lake Mendota. Picnic Point can be seen at the other end of the bay as a think strip of wooded land.",
                        "caption": " Photo by Gareth Baldrica-Franklin."
                    },
                    {
                        "content": "From your current vantage point, you overlook Lake Mendota (<b class='pronounce'>Tee W\u0105\u0105k\u0161ik Hom\u012fk</b>) and the Picnic Point peninsula."
                    },
                    {
                        "content": "As you look out toward the horizon, you observe Picnic Point, one of the most iconic locations on campus. Picnic Point has been used by local Indigenous peoples for millennia, and recent archaeological evidence affirms the presence of camps, workshops, and effigy mounds.<sup>1</sup> Today, Picnic Point is home to six mounds (a seventh mound was destroyed by looters in the early twentieth century).<sup>2</sup> Like others on campus, each of the mounds have sustained damage from recreationalists and erosion.\""
                    },
                    {
                        "image": "img/tour2/mendota_map.jpg",
                        "alt": " A map titled 'Indian Legend Map of Lake Mendota'. The map contains various pictoral icons representing places of indigenous significance on and around Lake Mendota, including villages to the south, southeast, north and northwest\u2014including over the modern-day location of the UW campus area. The map also includes places of spiritual significance, and relevance to Ho-Chunk oral tradition, such as the den of the water spirits, represented by a series of long-tailed water spirits in the waters near Maple Bluff, and 'Spirit Horses on Horse Hill', represented by a flying horse near Picnic Point.",
                        "caption": " Indian Legend Map of Lake Mendota, created by Charles E. Brown's students in 1941, retrieved from <a href='https://www.wisconsinhistory.org/Records/Image/IM85412'>Wisconsin Historical Society</a>."
                    },
                    {
                        "content": "Between you and Picnic Point is Lake Mendota (<b class='pronounce'>Tee W\u0105\u0105k\u0161ik Hom\u012fk</b>), which features just as significantly in Ho-Chunk oral tradition as it does on the physical landscape today. The shores of <b class='pronounce'>Tee W\u0105\u0105k\u0161ik Hom\u012fk</b>, or \u201cWhere the Man Lies,\u201d were once home to approximately 22 Ho-Chunk villages."
                    },
                    {
                        "content": "Today we are still learning about the significance of Lake Mendota for Ho-Chunk peoples. In 2021 the first of two ancient white oak canoes was discovered in lake sediment with a second canoe identified in 2022. These two canoes, which date back 1200 and 3000 years, extend physical evidence of canoe technology in the Great Lakes by 1000 years.<sup>3</sup> The canoes, which were welcomed ashore by Ho-Chunk community members, are in the State Preservation Facility where they will be preserved and used to educate people about Ho-Chunk culture and history in collaboration with the Wisconsin Historical Society.<sup>4</sup>"
                    },
                    {
                        "content": "As this stop concludes Water, this is an opportunity to reflect on what this landscape, Teejop, means to you. How have you interacted with this land while on campus? How may your experiences and relationships to the land differ from members of the Ho-Chunk Nation?"
                    },
                    {
                        "sources": [
                            {
                                "link": "https://d138k1rt4vd1y.cloudfront.net/wp-content/uploads/sites/27/2017/01/PicnicPointChristiansenSurvey2001.pdf",
                                "linkText": " Picnic Point, University of Wisconsin-Madison, City of Madison, Dane County, Wisconsin: Results of a Phase I Archaeological Survey",
                                "title": "1"
                            },
                            {
                                "link": "https://lakeshorepreserve.wisc.edu/native-americans-and-the-preserve/",
                                "linkText": " Native Americans and the Preserve",
                                "title": "2"
                            },
                            {
                                "link": "https://www.jsonline.com/story/news/local/2022/09/22/3-000-year-old-canoe-found-wisconsins-lake-mendota/8065502001/",
                                "linkText": " Wisconsin archaeologists find 3,000-year-old canoe in Lake Mendota, oldest in Great Lakes region by far",
                                "title": "3"
                            },
                            {
                                "link": "https://www.wisconsinhistory.org/canoe",
                                "linkText": " The Mendota Canoes: Connecting Past & Present",
                                "title": "4"
                            }
                        ]
                    }
                ],
                "name": "Lake Mendota Overlooking Picnic Point",
                "pointOnTour": 8,
                "pk": 16,
                "tours": "tour2",
                "audio": "picnic_point_view",
                "label": "Backtrack along <b>Willow Creek</b> towards Lake Mendota, cross the <b>Lakeshore Nature Preserve Path</b> to reach a lookout point."
            },
            "geometry": {
                "type": "Point",
                "coordinates": [
                    -89.4210196039942,
                    43.0780349820806
                ]
            }
        },
        {
            "type": "Feature",
            "properties": {
                "story": [
                    {
                        "image": "img/tour3/ho-chunk_archway.jpg",
                        "alt": " The Ho-Chunk Nation gate at Camp Randall. A large metal gate between two brick columns in front of the exterior of the football stadium. A red sign sits above the gate reads 'Ho-Chunk Nation Plaza'. Above the red sign, a black sign reads: 'Camp Randall Stadium'.",
                        "caption": " Photo by Gareth Baldrica-Franklin."
                    },
                    {
                        "content": "The Ho-Chunk Nation Gate and Plaza represent Ho-Chunk Nation sovereignty."
                    },
                    {
                        "content": "When Ho-Chunk Public Relations Officer Collin Price expressed interest in the Ho-Chunk Nation sponsoring Wisconsin Badger Athletics, the university representative was confused \u2013 Ho-Chunk Gaming was already a sponsor. That confusion ties into a broader issue for tribal nations, specifically, that tribal gaming organizations are business entities associated with discrete sovereign nations. Many American Indian communities have traditionally engaged in various forms of gaming, and tribal nations maintain inherent authority over the regulation of gaming on their lands. In 1988, Congress passed the Indian Gaming Regulatory Act that works to regulate tribal gaming, including how gaming profits may be used.<sup>1</sup> The Ho-Chunk Nation has experienced significant financial benefits from the formation of Ho-Chunk Gaming, but many people in Wisconsin have come to conflate the sovereign Ho-Chunk Nation with the business Ho-Chunk Gaming. "
                    },
                    {
                        "content": "This confusion occasionally affects Ho-Chunk citizens too. Price shared that tribal members often asked to access the benefits attained through the Ho-Chunk Gaming sponsorship only to discover that these were reserved for high-ranking members of the casinos\u2014Ho-Chunk community members had not realized that the sponsorship was not from the Ho-Chunk Nation. Price\u2019s pitch to Wisconsin Athletics would emphasize that the Ho-Chunk Nation and Ho-Chunk Gaming were distinct entities."
                    },
                    {
                        "image": "img/tour3/ho-chunk_plaza_unveiling.jpg",
                        "alt": " A group of about 20 representatives from the Ho-Chunk nationare gathered beneath the Ho-Chunk nation archway.",
                        "caption": " Unveiling of the Ho-Chunk Nation Plaza in 2016. Retrieved from <a href='http://hocakworak.com/article.aspx?headline=Ho-Chunk+Nation+Plaza+crowned+at+Camp+Randall+Stadium+at+UW-Madison'>Hocak Worak</a>."
                    },
                    {
                        "content": "Negotiations for the sponsorship, which began in 2016, were part of a public resurgence for tribal nations in Wisconsin. The following year, Wisconsin hosted its first State of the Tribes address to voice their concerns and priorities to the state. David Greendeer, who worked in gaming and advertising for the Ho-Chunk, stressed how important it was at that time for tribal nations to make their ongoing presence in Madison known, citing an inseverable spiritual connection to the land. "
                    },
                    {
                        "content": "The Ho-Chunk Nation gate and Plaza at Camp Randall Stadium are a physical representation of the 5-year, $2 million sponsorship agreement between a sovereign Ho-Chunk Nation and a public university.<sup>2</sup> According to Price, the inclusion of mandates for diversity and inclusion forums and health and wellness initiatives for Ho-Chunk youth reveal the concerns and priorities of the Ho-Chunk Nation."
                    },
                    {
                        "sources": [
                            {
                                "link": "https://www.nigc.gov/commission/history",
                                "linkText": " National Indian Gaming Comission \u2013 History",
                                "title": "1"
                            },
                            {
                                "link": "http://www.hocakworak.com/article.aspx?headline=Ho-Chunk+Nation+Plaza+crowned+at+Camp+Randall+Stadium+at+UW-Madison",
                                "linkText": " Ho-Chunk Nation Plaza crowned at Camp Randall Stadium at UW-Madison",
                                "title": "2"
                            }
                        ]
                    }
                ],
                "name": "Ho-Chunk Nation Archway",
                "pointOnTour": 1,
                "pk": 17,
                "tours": "tour3",
                "audio": "ho-chunk_archway",
                "label": "Begin at the <b>Ho-Chunk Nation Archway</b>, outside Camp Randall. <b><i>Tap the circle icon when you arrive.</b><i>"
            },
            "geometry": {
                "type": "Point",
                "coordinates": [
                    -89.4137886922177,
                    43.0711308548647
                ]
            }
        },
        {
            "type": "Feature",
            "properties": {
                "story": [
                    {
                        "image": "img/tour3/ho-chunk_plaza.jpg",
                        "alt": " The Ho-Chunk Nation Plaza, an open courtyard between the Camp Randall football stadium at University of Wisconsin-Madison and a concrete parking structure.",
                        "caption": " Photo by Gareth Baldrica-Franklin."
                    },
                    {
                        "content": "Prior to the negotiations for a gate at Camp Randall, the Ho-Chunk Nation had experienced a major setback locally. The Ho-Chunk Nation had launched its first casino enterprise in 1993, following the longtime operation of a successful bingo hall. Despite this, a decade later, a February 2004 referendum for a new Ho-Chunk casino failed to pass a vote in Dane County. In November 2004, the referendum for a Dane County casino came to another vote, this time it was successful. Under this \u201ccompact\u201d, the Ho-Chunk agreed \u201cto pay the city [of Madison] and the county [of Dane] each more than $45 million dollars from 2004 through 2016 and $3.5 million annually thereafter for an indefinite period.\u201d<sup>1</sup>"
                    },
                    {
                        "content": "Since then, the Ho-Chunk Nation has been looking to further its relationship with the local community.<sup>2</sup> Tribal nations across Wisconsin, have had successful relationships with professional sports teams, (Forest County Potawatomi/Milwaukee Brewers and Oneida Nation/Green Bay Packers) and the Ho-Chunk Nation looked to these examples when considering structuring a sponsorship with the Wisconsin Badger Athletics. At the same time, the University of Wisconsin \u2013 Madison was looking to demonstrate a commitment to fostering a positive working relationship with the Ho-Chunk Nation, whose ancestral lands the university occupies."
                    },
                    {
                        "image": "img/tour3/oneida_lambeau.jpg",
                        "alt": " A row of Oneida dancers in traditional and multi-colored garments stand on the sidelines of a Lambeau Field during a Green Bay Packers game.",
                        "caption": " Dancers from Oneida Nation before their halftime performance at Lambeau Field, home of the Green Bay Packers, in 2019. Retrieved from <a href='https://tworowtimes.com/sports/football/oneida-dancers-take-green-bay-packers-halftime/'>Two Row Times</a>."
                    },
                    {
                        "content": "The university had already begun implementing different initiatives to promote a Native presence on campus, including the formation of the Native American Center for Health Professionals, enrollment of Native cohorts into the School of Education, and planning the construction of the Dejope Residence Hall. David Greendeer, who worked in gaming and advertising for the Ho-Chunk, thinks getting the Ho-Chunk Nation involved with Badger sports was one of the more pivotal relationships, raising their visibility as active partners in the university community. The university has since approached the nation about increasing their sponsorship, but the Ho-Chunk Nation has declined."
                    },
                    {
                        "content": "Collin Price, former Ho-Chunk Nation Public Relations Officer, notes that the nation was actively involved in the creation of the gate and plaza, but time restrictions imposed some design limitations. Since forming the sponsorship, the Ho-Chunk Nation has experienced greater success in addressing concerns about Indigenous student experiences at the university. Still, strained bureaucratic resources."
                    },
                    {
                        "content": "have impacted the implementation of some plans from the agreement. Specifically, hopes of holding a powwow at Camp Randall have yet to be realized. Price suggests a need for a designated position to facilitate the relationship and wonders if Ho-Chunk students could be supported by the university to act in this capacity. "
                    },
                    {
                        "content": "Take a moment to reflect on how the Ho-Chunk Nation, as sponsors of the Wisconsin Badger Athletics, are represented at Camp Randall and the university more broadly. How has the university presented their Indigenous sponsors? Do you feel that the university\u2019s recognition of the Ho-Chunk adequately reflects the nation\u2019s investment? Do you think the visibility of Ho-Chunk culture on campus would be affected if the nation did not sponsor Wisconsin Badger Athletics?"
                    },
                    {
                        "sources": [
                            {
                                "link": "https://ictnews.org/archive/ho-chunk-nation-casino-decision-goes-to-voters",
                                "linkText": " Ho-Chunk Nation Casino decision goes to voters",
                                "title": "1"
                            },
                            {
                                "link": "https://badgerherald.com/news/2004/01/30/hochunk-nation-to-be/",
                                "linkText": " Ho-Chunk Nation to bet on referendum",
                                "title": "2"
                            }
                        ]
                    }
                ],
                "name": "Ho-Chunk Nation Plaza",
                "pointOnTour": 2,
                "pk": 18,
                "tours": "tour3",
                "audio": "ho-chunk_plaza",
                "label": "Walk past the archway and into the <b>Ho-Chunk Nation Plaza</b> itself."
            },
            "geometry": {
                "type": "Point",
                "coordinates": [
                    -89.4133004597488,
                    43.0711298939039
                ]
            }
        },
        {
            "type": "Feature",
            "properties": {
                "story": [
                    {
                        "image": "img/tour3/camp_randall_arch_plaque.jpg",
                        "alt": " The back side of the archway at the entrance to Camp Randall.",
                        "caption": " Photo from wisconsinhistoricalmarkers.blogspot.com."
                    },
                    {
                        "content": "There are two bronze plaques on the interior walls of the Camp Randall Archway, referring to two US wars which occurred simultaneously, yet are unevenly remembered. The text on the north plaque reads: <i>\u201cErected by the State of Wisconsin to mark the entrance through which passed seventy thousand of her soldier sons and five hundred thousand relatives and friends during the war from 1861-1865. Lest we forget. MDCCCCXII.\u201d</i> The south plaque lists all the Union troops organized in Wisconsin, arranged by camp names, complete with the dates the units were formed and mustered out. While the Civil War has not been forgotten, a brief reference on the south plaque alludes to a less remembered narrative."
                    },
                    {
                        "image": "img/tour3/camp_randall_plaque.jpg",
                        "alt": " A black metal plaque inset in gray stone. The gold text on the top of the plaque reads: 'Union Troops Organized in Wisconsin'. Below the title, there are three columns listing civil war timelines for various regiments. There is one column for each city where union troops trained in Wisconsin: Madison, Milwaukee, and Racine.",
                        "caption": " Civil War memorial plaque located on the Camp Randall Arch. Photo by Jeff Miller, retrieved from <a href='https://uwmadison-photos.photoshelter.com/search/result/I0000SHkKe0Ud3MQ?terms=camp%20randall%20arch&'>UW Photo Library</a>."
                    },
                    {
                        "content": "Towards the bottom of the center column, the text reads: <i>\u201cOn the 18th of December, 1862, the 25th Regiment came into Camp Randall from a campaign against Indians in Minnesota [\u2026.\u201d</i> The campaign refers to the US-Dakota War of 1862, when after months of starvation conditions, a Mdewakanton Dakota hunting party killed five white settlers near Acton Township. The US-Dakota War, which unfolded during the US Civil War, was a direct result of settler encroachment on tribal lands and the failure of the federal government to honor treaty obligations.<sup>1</sup> After the six-week war across southern Minnesota, hundreds of Dakota and fifteen Ho-Chunk men faced trial for their participation.<sup>2</sup> Abraham Lincoln, whose likeness is enshrined on Bascom Hill, approved a list of 38 Dakota men to be hanged for their \u201cwar crimes,\u201d resulting in the largest mass execution in US history. Within a year, Minnesota implemented a bounty system of $200 per Dakota scalp to ensure legislation barring Dakota from living in the state was enforced. Despite the deaths of Dakota non-combatants, including women, children, and elders, no military personnel were charged or tried for their war crimes.<sup>3</sup>"
                    },
                    {
                        "content": "The University of Wisconsin \u2013 Madison acquired the Camp Randall property from the state of Wisconsin in 1893, which imposed restrictions that the land was only to be used for agriculture, athletics, and military drills.<sup>4</sup> In 1911, the Wisconsin legislature organized the Wisconsin Memorial Park Commission to oversee the construction of a memorial arch near the original Civil War camp site, completed in 1912."
                    },
                    {
                        "sources": [
                            {
                                "link": "https://cla.umn.edu/chgs/holocaust-genocide-education/resource-guides/us-dakota-war-1862#:~:text=On%20December%2026%2C%201862%2C%2038,remain%20interned%20for%20four%20years",
                                "linkText": " US-Dakota War of 1862",
                                "title": "1"
                            },
                            {
                                "link": "https://uncpress.org/book/9781469673608/citizens-of-a-stolen-land/",
                                "linkText": "  Citizens of a Stolen Land",
                                "title": "2"
                            },
                            {
                                "link": "https://www.usdakotawar.org/history/aftermath/bounties",
                                "linkText": " U.S. Dakota War Bounties",
                                "title": "3"
                            },
                            {
                                "link": "https://publicart.wisc.edu/lew-f-porter-camp-randall-arch/",
                                "linkText": " Lew F. Porter \u2013 Camp Randall Arch",
                                "title": "4"
                            }
                        ]
                    }
                ],
                "name": "Camp Randall Arch Plaques",
                "pointOnTour": 3,
                "pk": 19,
                "tours": "tour3",
                "audio": "camp_randall_arch_1",
                "label": null
            },
            "geometry": {
                "type": "Point",
                "coordinates": [
                    -89.4093638695444,
                    43.0710855322847
                ]
            }
        },
        {
            "type": "Feature",
            "properties": {
                "story": [
                    {
                        "image": "img/tour3/camp_randall_arch_front.jpg",
                        "alt": " The front side of the archway at the entrance to Camp Randall. Cut into the top of the stone archway are the words: 'Camp Randall'. A carved, stone eagle rests at its very top. Flanking the left side of the archway, there is a statue of a young man in a military coat and uniform, beneath which is carved '1861-1865'. Flanking the right, there is a statue of an older man, beneath which is carved '1912'.",
                        "caption": " Photo by Gareth Baldrica-Franklin."
                    },
                    {
                        "content": "Camp Randall Arch was designed to memorialize the legacy of service among Wisconsin\u2019s Civil War veterans. On the top is a carved figure of the 8th Wisconsin Infantry Regiment\u2019s war eagle mascot \u201cOld Abe.\u201d  The \u201cYoung Boy Sentry\u201d to the left and the \u201cOld Veteran\u201d to the right symbolize a soldier who entered the camp during the war and then revisited the camp when the memorial park opened.<sup>1</sup> Records of the dedication do not document how many, if any, of Wisconsin\u2019s Native veterans were among the several hundred attendees. "
                    },
                    {
                        "content": "American Indians have participated in all major military engagements since the United States was formed, long before most had received American citizenship. In fact, \u201csince 9/11, Native Americans have served at a higher per-capita rate than any other ethnic group.\u201d<sup>2</sup> Their legacy of service was/is motivated by many interests: personal, cultural, patriotic, and more. \u201cStereotypes about Native Americans as natural \u2018warriors\u2019 led to dangerous combat assignments that resulted in higher casualty rates than those for white soldiers.\u201d<sup>3</sup> Extension of US citizenship to American Indians in 1924 was partially intended to recognize their great sacrifices serving in the armed forces during WWI."
                    },
                    {
                        "image": "img/tour3/menominee_code_talkers.png",
                        "alt": " A golden coin depicting a soldier crawling over a stone wall, which reads: 'Menominee Code Talkers'. Inlaid in the bottom, it reads: 'Omaeqnomenew Kemoc Keketotatowak'.",
                        "caption": " Congressional medal issued to Menominee code talkers in 2008. Retrieved from <a href='https://www.usmint.gov/coins/coin-medal-programs/medals/native-american-code-talkers/menominee-nation'>U.S. Mint</a>."
                    },
                    {
                        "content": "The use of Native soldiers as \u201cCode Talkers\u201d was pivotal in the Allies\u2019 data security during World War I and II. The American government\u2019s reliance on Indigenous languages was ironic given the systematic efforts to eliminate their usage through Indian boarding schools. After seeing how successful the Code Talker program was during WWI, Germany attempted to sabotage the program during WWII \u2013 they sent spies and anthropologists to reservations to discourage military service and learn Native languages.<sup>4</sup> Germany\u2019s efforts were unsuccessful, and the developed codes were never broken.<sup>5</sup> Three of Wisconsin\u2019s tribal nations were represented among the Code Talkers: the Ho-Chunk, Menominee, and Oneida.<sup>6</sup>"
                    },
                    {
                        "sources": [
                            {
                                "link": "https://uwbadgers.com/sports/2015/08/21/GEN_20140101557.aspx",
                                "linkText": " History of the Camp Randall Arch",
                                "title": "1"
                            },
                            {
                                "link": "https://www.loc.gov/collections/veterans-history-project-collection/serving-our-voices/diverse-experiences-in-service/legacies-of-service-celebrating-native-americans/",
                                "linkText": " Legacies of Service: Celebrating Native Americans",
                                "title": "2"
                            },
                            {
                                "link": "https://museum.archives.gov/featured-document-display-honoring-native-american-soldiers-world-war-i-service",
                                "linkText": " Featured Document Display: Honoring Native American Soldiers' World War I Service",
                                "title": "3"
                            },
                            {
                                "link": "https://www.thenmusa.org/articles/world-war-i-code-talkers/#:~:text=While%20the%20Choctaw%20Soldiers%20are,Talkers%20during%20World%20War%20I",
                                "linkText": " World War I Code Talkers",
                                "title": "4"
                            },
                            {
                                "link": "https://www.nationalww2museum.org/war/articles/american-indian-code-talkers",
                                "linkText": " American Indian Code Talkers",
                                "title": "5"
                            },
                            {
                                "link": "https://archive.jsonline.com/news/statepolitics/tribes-finally-honored-for-secret-work-of-world-war-ii-code-talkers-b99147423z1-232754261.html",
                                "linkText": " Tribes finally honored for secret work of World War II code talkers",
                                "title": "6"
                            }
                        ]
                    }
                ],
                "name": "Camp Randall Archway",
                "pointOnTour": 4,
                "pk": 20,
                "tours": "tour3",
                "audio": "camp_randall_arch_2",
                "label": "Continue through the stone archway to view it from the other side."
            },
            "geometry": {
                "type": "Point",
                "coordinates": [
                    -89.4091807402182,
                    43.0710858610876
                ]
            }
        },
        {
            "type": "Feature",
            "properties": {
                "story": [
                    {
                        "image": "img/tour3/camp_randall_marker.jpg",
                        "alt": " The Civil War memorial plaque at Camp Randall. A large, brown plaque sits between four metal poles and beneath a red overhang. There is a grassy park in the background and a handful of large, leafless trees. The top of the plaque reads: 'Camp Randall'. The rest of the text on the plaque reads: 'From these historic grounds went forth Wisconsin's sons to fight for the preservation of the nation in the American Civil War -- 1861-1865. More than 70,000 men trained for service within the boundaries of this camp named after Alexander W. Randall, a wartime governor. Originally comprising 53\u00bd acres and owned by the estate of William D. Bruen, the tract was leased to the State Agricultural Society in 1859. When war came in April 1861, the land was turned over to the state as a military training rendezvous and Camp Randall became the state's largest staging point. A hospital and a stockade for Confederate prisoners of war were also located here. Purchased by the state in 1893, the land was deeded to the University of Wisconsin. Since that time, a portion of the grounds has been used as an athletic field. As a memorial to Wisconsin's Civil War soldiers, a small segment of the land was set aside as a Park and the Memorial Arch was completed in 1912. Erected 1961 by The Civil War Centennial Commission'",
                        "caption": " Photo by Gareth Baldrica-Franklin."
                    },
                    {
                        "content": "The Civil War left American Indians in an awkward position regardless of what side of the Mason \u2013 Dixon line they lived on. The primary concern was how tribal nations would be treated by whichever American government, Union or Confederate, ultimately prevailed. For tribal nations remaining on the east coast, there was some hope that a display of loyalty would prevent future removal efforts. Ultimately, around 20,000 Native Americans served in the Civil War for both the Union and Confederate Armies.<sup>1</sup> In Wisconsin alone, over 500 Natives volunteered to join the Union.<sup>2</sup>"
                    },
                    {
                        "content": "The Civil War narrative of \u2018brother fighting brother\u2019 proved true for Natives as well. In Indian Territory (present-day Oklahoma), tribal nations experienced internal divisions when factions disagreed over whether to support the Union or Confederate cause. A minority of the wealthier tribal members\u2014including amongst the Cherokee Nation \u2013  owned enslaved peoples.<sup>3</sup> While the exact numbers are unknown, records indicate more Natives sided with the Confederacy than the Union \u2013 perhaps unsurprising given that the federal policy of removal had pushed many tribal nations into pro-slavery states.<sup>4</sup>"
                    },
                    {
                        "content": "Camp Randall housed both Union soldiers and Confederate prisoners of war (POW) during the Civil War. From 1861-1865, over three-quarters of all Wisconsin troops who served in the war trained at Camp Randall.<sup>5</sup> We know for certain that an infantry regiment with Menominee soldiers were among them.<sup>6</sup> For a brief period in 1862, Camp Randall served as a POW camp for over 1200 Confederate soldiers, at least 140 of whom are buried in Forest Hill Cemetery.<sup>7</sup> There is no evidence that Native soldiers were among the Confederate POWs camped here.\""
                    },
                    {
                        "image": "img/tour3/camp_randall_1864.png",
                        "alt": " A black and white pencil sketch of Camp Randall during the civil war.",
                        "caption": " Sketch from top of University Building, May 20, 1864, by W.F. Brown, Co. B. 40th Wis. Vol. Inf.', retrieved from <a href='https://en.wikipedia.org/wiki/Camp_Randall#/media/File:CampRandall-1864.png'>Wikimedia Commons</a>."
                    },
                    {
                        "content": "Arguably the most notable American Indian involved in the Civil War was General Ely S. Parker (Seneca) who served as General Ulysses S. Grant\u2019s military secretary. Parker was responsible for drawing up the articles of surrender signed by General Robert E. Lee at Appomattox Court House, ending the war. According to historical records, upon reaching Appomattox, Lee told Parker, \u201cI am glad to see one real American here,\u201d prompting Parker\u2019s response that \u201cWe are all Americans.\"<sup>8</sup>"
                    },
                    {
                        "sources": [
                            {
                                "link": "https://www.alexandriava.gov/historic-alexandria/basic-page/we-are-all-americans-native-americans-in-the-civil-war",
                                "linkText": " We are all Americans - Native Americans in the Civil War",
                                "title": "1"
                            },
                            {
                                "link": "https://wisvetsmuseum.com/indigenous-wisconsin-veterans/#:~:text=During%20the%20Civil%20War%2C%20over,37th%20Wisconsin%20Infantry%20Regiment",
                                "linkText": " Indigenous Veterans of Wisconsin",
                                "title": "2"
                            },
                            {
                                "link": "https://tiyamiles.com/books/ties-that-bind/",
                                "linkText": " Ties that Bind: The Story of an Afro-Cherokee Family in Slavery and Freedom",
                                "title": "3"
                            },
                            {
                                "link": "https://americanindian.si.edu/static/why-we-serve/topics/civil-war/#:~:text=Having%20survived%20removal%20from%20their,territories%20west%20of%20the%20Mississippi",
                                "linkText": " Civil War",
                                "title": "4"
                            },
                            {
                                "link": "https://cpla.fpm.wisc.edu/wp-content/uploads/sites/20/2017/05/Camp-Randall-Memorial-Park-_rev-2011.pdf",
                                "linkText": " Camp Randall Memorial Park Cultural Landscape Inventory",
                                "title": "5"
                            },
                            {
                                "link": "https://wisvetsmuseum.com/indigenous-wisconsin-veterans/#:~:text=During%20the%20Civil%20War%2C%20over,37th%20Wisconsin%20Infantry%20Regimen",
                                "linkText": " Indigenous Veterans of Wisconsin",
                                "title": "6"
                            },
                            {
                                "link": "https://cpla.fpm.wisc.edu/wp-content/uploads/sites/20/2017/05/Camp-Randall-Memorial-Park-_rev-2011.pdf",
                                "linkText": " Camp Randall Memorial Park Cultural Landscape Inventory",
                                "title": "7"
                            },
                            {
                                "link": "https://www.alexandriava.gov/historic-alexandria/basic-page/we-are-all-americans-native-americans-in-the-civil-war",
                                "linkText": " We are all Americans - Native Americans in the Civil War",
                                "title": "8"
                            }
                        ]
                    }
                ],
                "name": "Civil War Plaque",
                "pointOnTour": 5,
                "pk": 21,
                "tours": "tour3",
                "audio": "civil_war_plaque",
                "label": "Walk though Camp Randall Park until you reach the <b>Civil War memoral plaque</b>."
            },
            "geometry": {
                "type": "Point",
                "coordinates": [
                    -89.4101499548313,
                    43.0697194383481
                ]
            }
        },
        {
            "type": "Feature",
            "properties": {
                "story": [
                    {
                        "image": "img/tour3/uw_hall_of_fame.jpg",
                        "alt": " The UW Athletic Wall of Fame.",
                        "caption": " Photo by Gareth Baldrica-Franklin."
                    },
                    {
                        "content": "<b>Note: The former site of the UW athletics Hall of Fame is currently under construction.</b>"
                    },
                    {
                        "content": "Before the first collegiate football game was held at Camp Randall\u2019s newly constructed athletic field in 1895, a much older athletic tradition was hosted for the entertainment of modern spectators. Camp Randall previously served intermittently as the former location of the Wisconsin State Fairgrounds throughout the nineteenth century. During the fair in 1885, one of the highlights of the event was an exhibition lacrosse game performed by Natives in colorful regalia with traditionally constructed equipment. On September 9th, two integrated teams consisting of thirty-eight Bad River Band Ojibwe and nine Red Cliff Band Ojibwe men competed in what the Wisconsin State Journal called a \u201cwildly picturesque\u201d game of lacrosse.<sup>1</sup> Despite unexpected storms deterring many spectators, the event still drew a crowd of around 2000 people."
                    },
                    {
                        "content": "Representation of American Indians in UW-Madison athletics coincided with the earliest enrollment of Indigenous students. In 1903, William Milton Baine [Sisseton Dakota became known as the \u201cfamous Indian football player\u201d once he was added to the football team roster.<sup>2</sup> The following year, an established football star \u2013 Thomas \u201cTed\u201d St. Germaine [Lac du Flambeau \u2013 joined the Law School, football team, and water polo team.<sup>3</sup> Although Baine and St. Germaine were on the team, they were allegedly never permitted off the bench.<sup>4</sup> St. Germaine would eventually leave the UW, finish a law degree at Yale, and play in the NFL. Many decades would pass before this de facto as well as formalized segregation would be addressed in college sports.\""
                    },
                    {
                        "image": "img/tour3/ted_st_germaine.jpg",
                        "alt": " Three rows of six football players each pose for a team photo.",
                        "caption": " Ted St. Germain, top row, 4th from the left (marked with a number 5) and the rest of his NFL team, the Oorang Indians, pictured in 1922. Retrieved from <a href='https://portalwisconsin.wordpress.com/2009/09/24/lineman-lawyer-ojibwe/'>Portal Wisconsin</a>."
                    },
                    {
                        "content": "Today, Indigenous students from Wisconsin and further afield continue to bring their talents to UW Madison athletics. Basketball has been a particular big draw: Bronson Koenig [Ho-Chunk and Will Decorah [Ho-Chunk both competed on the men\u2019s basketball team while Jessie Stomski Seim [Muscogee Creek made a name for herself on the women\u2019s basketball team, and was inducted into the UW-Athletics Hall of Fame in 2020. The UW-Madison women\u2019s hockey team, one of the best in the country, was a springboard for Abby Roque [Wahnapitae First Nation who now plays in the newly formed Professional Women\u2019s Hockey League."
                    },
                    {
                        "sources": [
                            {
                                "link": "https://newspaperarchive.com/madison-wisconsin-state-journal-sep-10-1885-p-4/",
                                "linkText": " Madison Wisconsin State Journal, September 10, 1885, Pg. 4, Madison, Wisconsin, US",
                                "title": "1"
                            },
                            {
                                "link": "https://www.timetoast.com/timelines/the-history-of-native-american-presence-on-the-uw-madison-campus",
                                "linkText": " The History of Native Americans on the UW-Madison Campus",
                                "title": "2"
                            },
                            {
                                "link": "https://reckoning.wisc.edu/athletics/",
                                "linkText": " Sifting and Reckoning: Athletics",
                                "title": "3"
                            },
                            {
                                "link": "https://diversity.wisc.edu/2021/06/doit-presents-reckoning-with-our-history-uw-%E2%80%8Dmadisons-history-of-discrimination-and-resistance/",
                                "linkText": " DoIT Presents: Reckoning With Our History: UW\u2013\u200dMadison\u2019s History Of Discrimination And Resistance",
                                "title": "4"
                            },
                            {
                                "link": "https://uwbadgers.com/honors/uw-athletic-hall-of-fame",
                                "linkText": " UW Athletics Hall of Fame",
                                "title": "5"
                            }
                        ]
                    }
                ],
                "name": "UW Athletics Hall of Fame",
                "pointOnTour": 6,
                "pk": 22,
                "tours": "tour3",
                "audio": "uw_athletics_hall_of_fame",
                "label": "Continue forward until you can take a right, up the short staircase, to the <b>UW Athletics Hall of Fame</b>."
            },
            "geometry": {
                "type": "Point",
                "coordinates": [
                    -89.4109397457166,
                    43.0693482732741
                ]
            }
        },
        {
            "type": "Feature",
            "properties": {
                "story": [
                    {
                        "image": "img/tour3/badger_sculpture.jpg",
                        "alt": " A squat metal statue of a badger, created by Ho-Chunk Artist Harry Whitehorse. ",
                        "caption": " Photo by Gareth Baldrica-Franklin."
                    },
                    {
                        "content": "Ho-Chunk artist Harry Whitehorse\u2019s sculpture \u201cThe Badger,\u201d installed in 2019, is a ten-foot interactive art installation that draws on the University of Wisconsin\u2019s beloved badger mascot.<sup>1</sup>"
                    },
                    {
                        "image": "img/tour3/old_copper_tools.jpg",
                        "alt": " Seven copper artifacts are laid out. In the middle is a long spear point. Proceeding clockwise are a narrow-pointed tool known as an awl or punch, two projectile points, two knives and and an axe head.",
                        "caption": " Copper tools from Northern Wisconsin, 4000-1,200 B.C. Unpublished photograph in the office of the state archaeologist, retrieved from <a href='http://www.wisconsinhistory.org/turningpoints/search.asp?id=760'>Wisconsin Historical Society</a>."
                    },
                    {
                        "content": "Evidence of mining and metalworking in Wisconsin dates back at least 6000 years.<sup>2</sup> At this time, the most commonly used ore was copper \u2013 sites from this period are referred to as part of the Old Copper Complex. We are unsure how much copper ore was used at the time, but some estimates have ranged as high as 1.<sup>5</sup> billion pounds.<sup>3</sup> Although the metal was abandoned for more efficient stone tools, the experiment with copper makes Wisconsin one of a handful of locations in the world to where metallurgy developed independently.<sup>4</sup>"
                    },
                    {
                        "content": "Another locally utilized metallic resource was galena \u2013 a lead ore. The Ho-Chunk used it as a pigment for at least several hundred years before settlers arrived.<sup>5</sup> Lead, or \u201cgray gold,\u201d was very valuable in western society by the 19th century as it was used in both military and domestic products."
                    },
                    {
                        "content": "After learning about the rich deposits in Wisconsin, over 10,000 white miners illegally occupied Ho-Chunk lands in the early 1800s to stake their claims.<sup>6</sup> During the lead rush of the 1820s, miners prioritized extracting as much ore as possible, going so far as to live in the mines. Due to the similarity to underground \u201cbadger holes,\u201d locals mocked the miners, calling them \u2018badgers.\u20197 Because of the significance of the state\u2019s mining history, the name become a source of pride. Mining, however, has had negative long-term impacts on Wisconsin Indians."
                    },
                    {
                        "content": "The demand for increased mining fueled government efforts to remove tribal nations from Wisconsin and reduce tribal land holdings.<sup>8</sup> Environmental degradation from mining continues to disproportionately impact reservation communities and tribal homelands, affecting air and water quality and destroying traditional food sources.<sup>9</sup> When Exxon Minerals initially proposed the Crandon Mine in northeastern Wisconsin in the mid-1970s, the Menominee and Mole Lake Ojibwe Nations lobbied against it.<sup>1</sup>0 The proposal led to protests supported by environmental groups, eventually leading to the passage of a mining moratorium in the state in 1995. In 2003, the Mole Lake Ojibwe and Forest County Potawatomi Nations purchased the mine to ensure it would never be opened.<sup>1</sup>1"
                    },
                    {
                        "content": "Water protectors, Indigenous and non-Indigenous allies, continue to fight extractive industries in the State of Wisconsin, including the construction and maintenance of oil pipelines. Current legal battles by tribal nations include Bad River\u2019s lawsuit against Enbridge for Line 5. 12, 13, 14, 15,"
                    },
                    {
                        "sources": [
                            {
                                "link": "https://diversity.wisc.edu/2019/08/bronze-badger-by-ho-chunk-artist-harry-whitehorse-to-be-installed-across-from-camp-randall/",
                                "linkText": " Bronze Badger by Ho-Chunk artist Harry Whitehorse to be installed across from Camp Randall",
                                "title": "1"
                            },
                            {
                                "link": "https://www.mpm.edu/research-collections/anthropology/online-collections-research/old-copper-culture",
                                "linkText": " Old Copper Culture",
                                "title": "2"
                            },
                            {
                                "link": "https://www.mpm.edu/research-collections/anthropology/online-collections-research/old-copper-culture",
                                "linkText": " Old Copper Culture",
                                "title": "3"
                            },
                            {
                                "link": "https://doi.org/10.1038/s41598-019-42185-y",
                                "linkText": " \u201cThe exceptional abandonment of metal tools by North American hunter-gatherers, 3000 B.P.\u201d",
                                "title": "4"
                            },
                            {
                                "link": "https://www.caveofthemounds.com/2021/03/28/badgers-in-blue-mounds/",
                                "linkText": " Badgers in Blue Mounds",
                                "title": "5"
                            },
                            {
                                "link": "https://uwpress.wisc.edu/books/3482.htm",
                                "linkText": " Wisconsin Indian Literature: Anthology of Native Voices",
                                "title": "6"
                            },
                            {
                                "link": "https://wisconsinhistory.org/Records/Article/CS16342#:~:text=It%20turns%20out%20that%20those,in%20the%20ground%20like%20animals",
                                "linkText": " Badger History: Why Are We the Badger State?",
                                "title": "7"
                            },
                            {
                                "link": "https://archive.org/details/wisconsinfrontie0000wyma",
                                "linkText": " The Wisconsin Frontier",
                                "title": "8"
                            },
                            {
                                "link": "https://www.scholars.northwestern.edu/en/publications/indian-nations-of-wisconsin-histories-of-endurance-and-renewal",
                                "linkText": " Indian Nations of Wisconsin: Histories of Endurance and Renewal",
                                "title": "9"
                            },
                            {
                                "link": "https://www.scholars.northwestern.edu/en/publications/indian-nations-of-wisconsin-histories-of-endurance-and-renewal",
                                "linkText": " Indian Nations of Wisconsin: Histories of Endurance and Renewal",
                                "title": "10"
                            },
                            {
                                "link": "https://www.sierraclub.org/wisconsin/blog/2023/10/20th-anniversary-crandon-mine-purchase",
                                "linkText": " 20th Anniversary of the Crandon Mine purchase",
                                "title": "11"
                            },
                            {
                                "link": "https://ictnews.org/news/water-protectors-rally-in-ohio-over-enbridge-pipeline",
                                "linkText": " Water protectors rally in Ohio over Enbridge pipeline",
                                "title": "12"
                            },
                            {
                                "link": "https://unicornriot.ninja/2023/enbridge-ordered-to-shutdown-line-5-and-pay-bad-river-band-5-1m/",
                                "linkText": " Enbridge Ordered to Shutdown Line 5 and Pay Bad River Band $5.1M",
                                "title": "13"
                            },
                            {
                                "link": "https://www.noback40.com/",
                                "linkText": " No Back 40 Mine",
                                "title": "14"
                            },
                            {
                                "link": "https://www.badriverfilm.com/",
                                "linkText": " Bad River Film",
                                "title": "15"
                            }
                        ]
                    }
                ],
                "name": "Bronze Badger Sculpture",
                "pointOnTour": 7,
                "pk": 23,
                "tours": "tour3",
                "audio": "bronze_badger_statue",
                "label": null
            },
            "geometry": {
                "type": "Point",
                "coordinates": [
                    -89.41378117686,
                    43.0674183512212
                ]
            }
        },
        {
            "type": "Feature",
            "properties": {
                "story": [
                    {
                        "image": "img/tour4/allen_centennial_garden_driveway.jpg",
                        "alt": " The entrance to Allen Centennial Garden at UW-Madison",
                        "caption": " Photo by Gareth Baldrica-Franklin."
                    },
                    {
                        "content": "Constructed in 1890, the home located within the Allen Centennial Garden (ACG) has been known as the \u201cLake Dormer,\u201d the \u201cFred House, and the \u201cAgricultural Dean\u2019s Residence.\u201d<sup>1</sup> The home originally served as the residence of the dean of the College of Agriculture and Life Sciences (CALS), beginning in 1891. The house, which has not served as a private residence since 1980, has been vacant since 2010 due to disrepair and lack of funding to modernize. Various proposals for the home have been brought forth over the years, including becoming a more permanent location of the Indigenous Student Center (ISC). "
                    },
                    {
                        "content": "The gardens that surround the home were established in 1985 as the University\u2019s horticulture teaching garden, a destination open to all on campus. Today, ACG Executive Director, Reba Luiken, describes the ACG as a place to think about the social aspects of plants \u2013 a way to understand and make sense of relationships, history, and the diverse ways plant are used globally.  "
                    },
                    {
                        "content": "Facing the home, as you enter the garden to your right, directly to the north is Lake Mendota. This area of campus has long been home to the Ho-Chunk people and is recognized as a site of Ho-Chunk habitation prior to non-Native settlement, colonization, and dispossession.  "
                    },
                    {
                        "content": "This first garden you enter has been dubbed the \u201cAnimacy Garden,\u201d a place to encourage visitors to think about what is and is not animate \u2013 or in a state of being alive. The plants? The leaves? The stones? The dirt? The water? Through questions of animacy, we are encouraged to think about human and non-human relationality. As described by Wendy Makoons Geniusz, whose mother shared her Anishinaabe knowledge with her in the book <i>Plants Have So Much to Give Us, All We Have to Do Is Ask: Anishinaabe Botanical Teachings</i>, \u201cplants are thought of as beings with their own histories, stories, beliefs, and ways of life.\u201d<sup>2</sup>"
                    },
                    {
                        "image": "img/tour4/animacy_garden.jpg",
                        "alt": " The Animacy Garden in the corner of the Allen Centennial Garden at UW-Madison. A circle of small stumps are arranged around an open patch of dirt.",
                        "caption": " The Animacy Garden at the Allen Centennial Garden, Summer 2024. Photo by Gareth Baldrica-Franklin."
                    },
                    {
                        "content": "As you meander through the gardens, along the stone path, please take time to reflect on how this landscape has changed over the last 200-years and how the Ho-Chunk have worked to affirm their traditional connections to Teejop. "
                    },
                    {
                        "content": "As you make your way into the \u201cWisconsin Woodland Garden,\u201d you\u2019ll see plant life that is Native to the state of Wisconsin. In this area of the ACG, we\u2019re reminded of the rich diversity of plant life across the state and how this landscape has changed due to development, construction, climate change, and invasive species. Each of these are areas of ecological change and concern that Indigenous scholars, and their allies, have long been on the forefront of, particularly in terms of management and restoration. Here at UW-Madison, in addition to the ACG, Earth Partnership is a program that has been on the forefront of community-engaged research with tribal partners to advocate for and actively pursue restoration on campus and across the state.<sup>3</sup>PARAGRAPH Sources"
                    },
                    {
                        "content": "1; Allen Centennial Garden\u2014History; https://allencentennialgarden.wisc.edu/about/history/"
                    },
                    {
                        "content": "2; Wendy Makoons Geniusz, Plants Have So Much to Give Us, All We Have to Do Is Ask: Anishinaabe Botanical Teachings (2015), xiii.; https://www.upress.umn.edu/9780816696765/plants-have-so-much-to-give-us-all-we-have-to-do-is-ask/"
                    },
                    {
                        "content": "3; Earth Partnership; https://earthpartnership.wisc.edu/"
                    }
                ],
                "name": "Allen Centennial Garden",
                "pointOnTour": 1,
                "pk": 24,
                "tours": "tour4",
                "audio": "acg_1",
                "label": "Begin at the north end of the <b>Allen Centennial Garden Driveway</b>. There is a small dirt path heading into the garden. <b><i>Tap the circle icon when you arrive.</i></b>"
            },
            "geometry": {
                "type": "Point",
                "coordinates": [
                    -89.4128375831479,
                    43.0771187541342
                ]
            }
        },
        {
            "type": "Feature",
            "properties": {
                "story": [
                    {
                        "image": "img/tour4/kitchen_garden.jpg",
                        "alt": " The Kitchen Garden section of Allen Centennial Garden. A brick path leading to a small stone-tile circle surrounded by beds of vegetation. Corn and tobacco plants are growing in the bed straight ahead.",
                        "caption": " Photo by Gareth Baldrica-Franklin."
                    },
                    {
                        "content": "Just beyond the \u201cWisconsin Garden\u201d is the \u201cKitchen Garden.\u201d Here, plants commonly grown in home gardens and those used for cooking can be found \u2013 rhubarb, berries, and cranberries. These plants serve as a reminder of the significance of plants and where our food comes from, including the labor involved in food production. While the method of food production has changed significantly, as well as the food that is available to us, Indigenous peoples have long engaged in subsistence agriculture."
                    },
                    {
                        "content": "The Allen Centennial Garden (ACG), under the leadership of Reba Luiken, strives to include diverse perspectives and histories of gardening and plant life and to be a resource for all students and visitors to campus. Representative of these objectives are the various rotating cultural gardens and plant life present throughout ACG. "
                    },
                    {
                        "content": "Both Luiken and Isaac Zaman, lead horticulturist at the ACG, are intentional about relationship building and supporting Indigenous ethnobotany. As such, the ACG is currently home to a Choctaw garden. This garden, which is on a plot that rotates annually, has previously been filled with plants that represent the diversity of tribal nations. This season\u2019s Choctaw garden was grown with seeds brought by Maezy Beams, UW alum and curator of the Choctaw garden, whose family descends from the Choctaw Nation of Oklahoma.<sup>1</sup> In recent years the ACG has collaborated with the Native American Center for Health Professionals (NACHP) to collect seeds, grow, and harvest plants used by Indigenous communities."
                    },
                    {
                        "image": "img/tour4/choctaw_garden.jpg",
                        "alt": " A view of the Choctaw Garden plot at the Allen Centennial Garden in the Summer of 2024. In the foreground are wild lambsquarter (Tvnishi), bunches of small, greenish flowers. Behind them, leaves from Perique Tobacco (Hakchuma) can be seen, and behind the tobacco a few stalks of Choctaw Flour Corn (Tanchi Tohbi) are sticking out.",
                        "caption": " Choctaw Garden at the Allen Centennial Garden, Summer 2024. Photo by Gareth Baldrica-Franklin."
                    },
                    {
                        "content": "In addition to the Choctaw garden, the ACG is also home to an African-American/African diaspora garden, a Latine garden, and a Hmong garden. The ACG continuously works to build relationships on and off campus with community members to identify plants/seeds to grow in these gardens and to harvest the plants during and at the end of the season. These cultural gardens offer an innovative learning opportunity for students on campus to think about the role of plants in many cultures across the globe for both food and medicine."
                    },
                    {
                        "content": "Continuing along the stone path through the ACG, you will reach the Prairie Garden. The prairie garden offers visitors the opportunity to think about what this landscape, this place \u2013 Teejop, would have looked like over 200 years ago, before waves of non-Native settlement forever changed the ecology of the region."
                    },
                    {
                        "sources": [
                            {
                                "link": "https://allencentennialgarden.wisc.edu/2024/05/31/growing-hope-in-the-choctaw-garden/",
                                "linkText": " Growing Hope in the Choctaw Garden",
                                "title": "1"
                            }
                        ]
                    }
                ],
                "name": "Kitchen and Cultural Garden",
                "pointOnTour": 2,
                "pk": 25,
                "tours": "tour4",
                "audio": "acg_2",
                "label": "Follow the path forward and take a left to go under the arbor. The <b>Kitchen and Cultural Gardens</b> are just beyond."
            },
            "geometry": {
                "type": "Point",
                "coordinates": [
                    -89.4133234810973,
                    43.0770477977091
                ]
            }
        },
        {
            "type": "Feature",
            "properties": {
                "story": [
                    {
                        "image": "img/tour4/hogiwe_hirokirere_hii.jpg",
                        "alt": " An outdoor view of Deluca Hall at UW-Madison. At the bottom left corner of the building there is an all-glass room containing Hogiwe Hirokirere Hii.",
                        "caption": " Photo by Gareth Baldrica-Franklin."
                    },
                    {
                        "content": "In the 1870s, well before construction of the DeLuca Biochemical Sciences Complex, several elm trees were planted on the UW \u2013 Madison campus.<sup>1</sup> Outside this building, one of those elms stood for nearly 150 years, becoming a beloved feature of the campus landscape. Known colloquially as Elmer, the tree provided shade to generations of UW students and served as a landmark at which people met.<sup>2</sup> Unfortunately, Elmer contracted Dutch elm disease \u2013 a devastating fungal infection which has killed over 1 billion elm trees around the world.<sup>3</sup> After a multi-year attempt to save it, Elmer was harvested in 2018. "
                    },
                    {
                        "content": "Thanks to the talents of Ho-Chunk artist Chloris Lowe, Elmer is still present on campus. Lowe\u2019s art installation, installed October 20, 2023, is titled \u201cHogiwe Hirokirere Hii\u201d which translates to \u201cConnecting Paths.\u201d<sup>4</sup> Based on the history of Elmer as a meeting place, Lowe was inspired by the Ho-Chunk tradition of \u2018marker trees.\u20195"
                    },
                    {
                        "image": "img/tour4/elmer.jpg",
                        "alt": " A photo of the UW-Madison Biochemistry building with Elmer the tree next to it.",
                        "caption": " The UW Biochemistry Building in the 1950s. Elmer the Elm Tree is visible on the left of the image, retrieved from <a href='https://search.library.wisc.edu/digital/AZ3YIUI2XTDZ558L'>UWDC</a>."
                    },
                    {
                        "content": "According to Ho-Chunk PhD Candidate Molli Pauliot, young trees were modified to interrupt their natural growth, helping community members identify the locations of water, trails, and villages. Some of these trees still exist in the Madison area, and Ho-Chunk artist Tom Jones has documented examples of marker trees in a photo series.<sup>6</sup> There are no physical indicators that Elmer was intended to be a marker tree, but its location and size resulted in the campus community treating it as such.\""
                    },
                    {
                        "image": "img/tour4/connecting_paths_installation.jpg",
                        "alt": " A photo of artist Chloris Lowe hanging wooden rods from an installation in the shape of a porphyrin ring.",
                        "caption": " Chloris Lowe in the process of installing Hogiwe Hirokirere Hii, retrieved from <a href='https://news.wisc.edu/land-and-campus-community-connect-through-new-art-installation/'>UW-Madison News</a>."
                    },
                    {
                        "content": "Lowe decided to create a piece that embodied the ideas of meeting and exchange. The frame connects people and the environment \u2013 drawing upon the common molecular structure shared by humans and plants as the site of energy exchange.<sup>7</sup> Wooden rods made from Elmer were marked with paint fingerprints by members of the campus community before being hung from the frame. These \u2018branching\u2019 paths represent the ways people leave their mark on the world through the exchange of ideas.  "
                    },
                    {
                        "content": "\u201cHogiwe Hirokirere Hii\u201d appropriately hangs in a new meeting place: a study room near where Elmer once stood."
                    },
                    {
                        "sources": [
                            {
                                "link": "https://dnr.wisconsin.gov/sites/default/files/topic/ForestManagement/everyRootAnAnchor_001-rememberedElms.pdf",
                                "linkText": " Remembered Elms",
                                "title": "1"
                            },
                            {
                                "link": "https://news.wisc.edu/land-and-campus-community-connect-through-new-art-installation/",
                                "linkText": " Land and campus community connect through new art installation",
                                "title": "2"
                            },
                            {
                                "link": "https://fieldguide.mt.gov/speciesDetail.aspx?elcode=NFOPH01020",
                                "linkText": " Dutch Elm Disease Fungus - Ophiostoma ulmi",
                                "title": "3"
                            },
                            {
                                "link": "https://biochem.wisc.edu/2023/12/18/new-art-installation-connects-land-and-biochemistry-students-across-generations/",
                                "linkText": " New Art Installation Connects Land and Biochemistry Students Across Generations",
                                "title": "4"
                            },
                            {
                                "link": "https://www.youtube.com/watch?v=LwMZ95900fA",
                                "linkText": " Hogiwe Hirokirere Hii (Connecting Paths)",
                                "title": "5"
                            },
                            {
                                "link": "https://www.tomjonesho-chunk.com/portfolio-collections/my-portfolio/marker-trees",
                                "linkText": " Marker Trees",
                                "title": "6"
                            },
                            {
                                "link": "https://news.wisc.edu/land-and-campus-community-connect-through-new-art-installation/",
                                "linkText": " Land and campus community connect through new art installation",
                                "title": "7"
                            }
                        ]
                    }
                ],
                "name": "Hogiwe Hirokirere Hii",
                "pointOnTour": 3,
                "pk": 26,
                "tours": "tour4",
                "audio": "hogiwe_hirokirere_hii",
                "label": "Head to <b>Deluca Biochemistry Hall</b>. The <b>Hogiwe Hirokirere Hii</b> sculpture can be seen through the glass on the first floor."
            },
            "geometry": {
                "type": "Point",
                "coordinates": [
                    -89.4113501350512,
                    43.0740699536245
                ]
            }
        },
        {
            "type": "Feature",
            "properties": {
                "story": [
                    {
                        "image": "img/tour4/wid_mural_corner.jpg",
                        "alt": " The Diversity of Scientists mural.",
                        "caption": " Photo by Gareth Baldrica-Franklin."
                    },
                    {
                        "content": "Nestled inside the Wisconsin Institute for Discovery is a mural, <i>Diversity of Scientists</i>, that reminds all those who pass by not only of the long history of scientific discovery, but of the diverse thinkers who have contributed to today\u2019s scientific knowledge.  "
                    },
                    {
                        "content": "Just to the left of center on this mural is Dr. Susan LaFleche Picotte, the first American Indian woman to earn a medical degree. Born in 1865 and raised on the Omaha Reservation in northeastern Nebraska, Susan LaFlesche attended formal medical training at the Hampton Institute and the Woman\u2019s Medical College of Pennsylvania, graduating a year early and at the top of her class in 1889. At the age of 24, she returned to her reservation community in Nebraska and provided care for over 1,200 people. \u201cIn 1913, two years before her death, she saw her life\u2019s dream fulfilled when she opened a hospital [near the Omaha Reservation,\u201d the first Indian hospital that was not funded by the federal government.<sup>1</sup> 2 "
                    },
                    {
                        "content": "Beyond Dr. Susan LaFleche Picotte, this mural represents the diversity of scientific thinkers \u2013 from ninth century Muhammad ibn Musa al-Khwarizmi to Ynes Mexia of Mexico to Mae Jemison. These scientists, including women and people of color, took many paths to acquire the knowledge they held and shared for the good of all."
                    },
                    {
                        "image": "img/tour4/susan_picotte_omaha.jpg",
                        "alt": " A black and white photo of a crowd of Omaha Nation Citizens standing with Dr. Susan La Flesche Picotte in front of a large canvas tent.",
                        "caption": " Dr. Susan La Flesche Picotte standing with members of the Omaha Nation in 1910, retrieved from <a href='https://cfmedicine.nlm.nih.gov/physicians/biography_253.html'>National Institute of Health</a>."
                    },
                    {
                        "content": "Here at UW-Madison, American Indian and Indigenous thinkers continue to pursue scientific discovery across disciplines, from biochemistry to glaciology to genetics to mathematics. Below are a few examples of the innovative STEM research American Indian faculty on campus continue to pursue. "
                    },
                    {
                        "content": "Assistant Professor Grace Bulltail (Crow), in the Nelson Institute for Environmental Studies, examines \u201cthe relationship of water, energy, and land use\u201d specifically on \u201ctribal lands, federally reserved lands where water resources are governed by sovereign tribal nations.\u201d<sup>3</sup>"
                    },
                    {
                        "content": "Assistant Professor Jeneile Luebke (Bad River Ojibwe), in the School of Nursing, \u201cfocuses [on the relationship between land violence, planetary health, and gender-based violence among Indigenous peoples.\u201d<sup>4</sup>"
                    },
                    {
                        "content": "Clinical Associate Professor, Bret Benally Thompson, MD (White Earth Ojibwe) who is based at the UW-Medical schools, has clinical interests that include \u201csymptom management, communication, and palliative care for patients facing serious illness.\u201d<sup>5</sup>"
                    },
                    {
                        "sources": [
                            {
                                "link": "https://cfmedicine.nlm.nih.gov/physicians/biography_253.html",
                                "linkText": " Susan La Flesche Picotte-Biography",
                                "title": "1"
                            },
                            {
                                "link": "https://www.nps.gov/people/susan-la-flesche-picotte.htm",
                                "linkText": " Susan La Flesche Picotte",
                                "title": "2"
                            },
                            {
                                "link": "https://sage.nelson.wisc.edu/staff/bulltail-grace/",
                                "linkText": " Grace Bulltail, Assistant Professor - Center for Sustainability and the Global Environment",
                                "title": "3"
                            },
                            {
                                "link": "https://nursing.wisc.edu/staff/luebke-jeneile/",
                                "linkText": " Jeneile M. Luebke - School of Nursing, RN, PhD",
                                "title": "4"
                            },
                            {
                                "link": "https://www.medicine.wisc.edu/directory/benally-thompson_bret",
                                "linkText": " Bret Benally Thompson, MD",
                                "title": "5"
                            }
                        ]
                    }
                ],
                "name": "Diversity of Scientists",
                "pointOnTour": 4,
                "pk": 27,
                "tours": "tour4",
                "audio": "diversity_of_scientists",
                "label": "Safely cross University Avenue to enter the <b>Wisconsin Institute for Discovery (WID) Building</b> at the corner of University and Randall Ave. The <b>Diversity of Scientists Mural</b> is inside on the right."
            },
            "geometry": {
                "type": "Point",
                "coordinates": [
                    -89.4087364010395,
                    43.0731459663601
                ]
            }
        },
        {
            "type": "Feature",
            "properties": {
                "story": [
                    {
                        "image": "img/tour4/botany_garden.jpg",
                        "alt": " The botany garden at UW-Madison. In the center of the path there is a carved statue of a flower blossom by artist Susan A. Falkman.",
                        "caption": " Photo by Jeff Miller, UW-Madison. Retrieved from <a href='https://news.wisc.edu/land-and-campus-community-connect-through-new-art-installation/'>UW-Photo Library</a>."
                    },
                    {
                        "content": "The Botany Garden at UW-Madison boasts a rich and diverse variety of plants, including those that are not native to Teejop. In fact, over 500 species representing flora from around the world can be found in the Botany Garden while the Botany Greenhouse holds over \u201c1,500 unique species of plants\u201d including \u201caquatics, succulents, bryophytes, ferns, orchids, herbs, and woody plants.\u201d<sup>1</sup> The diversity of accessible plant life facilitates both scientific and cultural studies of flora on campus and beyond."
                    },
                    {
                        "content": "Unlike the Allen Centennial Garden, which is organized by the sociality of plant life, the Botany collections are organized by scientific classification, with the Botany Garden being \u201cone of the first gardens that was organized by molecular taxonomy.\u201d<sup>2</sup> Botany, the branch of biology focused on plants, is considered one of the oldest natural sciences. Written records for plant use in Mesopotamia and China date back to 3000 BC with evidence extending the study of plants even further back in time. "
                    },
                    {
                        "content": "Indigenous people have an extensive and well-recognized history of practicing \u201cbotany.\u201d More, the Indigenous study of plants reveals an important relationship between humans and the non-human world. Indigenous Botanist Robin Wall Kimmerer (Citizen Potawatomi Nation) explains that Western cultures place humans as the \u201cpinnacle of evolution\u201d whereas Native groups \u201csay that humans have the least experience with how to live and thus [\u2026 must look to our teachers among the other species for guidance.\u201d<sup>3</sup> Kimmerer, who earned her PhD in Botany at UW, stresses that rather than view the environment as a commodity controlled by humans, Indigenous peoples maintain a relationship of reciprocity with the earth.<sup>4</sup>"
                    },
                    {
                        "content": "Ethnobotany, a subfield of botany, examines the cultural use of plants and provides context to understand culturally rich and diverse perspectives on plants. For example, the commodifying concept of \u201cnatural resources\u201d does not have a direct equivalent in Wisconsin\u2019s Indigenous languages. The closest terms translate to \u201cSources of life.\u201d<sup>5</sup> To grasp the significance of plants to Native people, Cherokee ethnobotanist, Clint Carroll, links plant knowledge to tribal languages, cultural practices, and the strength of tribal sovereignty.<sup>6</sup>"
                    },
                    {
                        "image": "img/tour4/wild_rice_field.jpg",
                        "alt": " A black and white photo of a large stand of wild rice growing on a lake in Wisconsin.",
                        "caption": " A wild rice stand cared for by American Indians, circa 1909. Photo by George Kemmerer, retrieved from <a href='https://digital.library.wisc.edu/1711.dl/HURR47ZUM6K5O8Z'>UWDC</a>."
                    },
                    {
                        "content": "Today, Indigenous ethnobotany offers us important opportunities to think about plant life. For example, tribal medicinal plant use and traditional ecological knowledge, the ways w\u0105\u0105k\u0161ik s\u012f\u012f or manoomin (wild rice) growth has been harmed by pollution and climate change, the impacts of invasive species on native plants, the ways tribal sovereignty and self-determination must inform responsible and respectful research and co-management strategies at the local, state, and national levels, and the opportunities to \u201cdecolonize\u201d ethnobotany as a tool for cultural revitalization."
                    },
                    {
                        "sources": [
                            {
                                "link": "https://livingcollection.botany.wisc.edu/",
                                "linkText": " Botany Garden and Greenhouse",
                                "title": "1"
                            },
                            {
                                "link": "https://lsmagazine.wisc.edu/issues/spring-2024/putting-down-roots/?utm_medium=email&utm_source=wordpress_insideuw&utm_campaign=facstaff_comms&utm_content=2024_08_06",
                                "linkText": " Putting Down Roots",
                                "title": "2"
                            },
                            {
                                "link": "https://milkweed.org/book/braiding-sweetgrass",
                                "linkText": " Robin Wall Kimmerer, Braiding Sweetgrass p.9",
                                "title": "3"
                            },
                            {
                                "link": "https://milkweed.org/book/braiding-sweetgrass",
                                "linkText": " Robin Wall Kimmerer, Braiding Sweetgrass p.26",
                                "title": "4"
                            },
                            {
                                "link": "https://www.greenbaypressgazette.com/story/news/native-american-issues/2022/10/31/wisconsin-environmentalists-seek-indigenous-knowledge-climate/69596446007/",
                                "linkText": " Amid flooding and other climate change challenges, Wisconsin environmentalists are turning to Indigenous researchers for guidance on the natural world.",
                                "title": "5"
                            },
                            {
                                "link": "https://www.upress.umn.edu/9780816690909/roots-of-our-renewal/",
                                "linkText": " Clint Carroll, Roots of Our Renewal: Ethnobotany and Cherokee Environmental Governance.",
                                "title": "6"
                            }
                        ]
                    }
                ],
                "name": "UW Botany Garden",
                "pointOnTour": 5,
                "pk": 28,
                "tours": "tour4",
                "audio": "botany_garden",
                "label": null
            },
            "geometry": {
                "type": "Point",
                "coordinates": [
                    -89.4043495875521,
                    43.0735717219842
                ]
            }
        },
        {
            "type": "Feature",
            "properties": {
                "story": [
                    {
                        "image": "img/tour4/lathrop.jpg",
                        "alt": " A black sign with red text reads 'Lathrop Hall.'",
                        "caption": " Photo retrieved from <a href='https://www.youtube.com/watch?v=LR1HNDuYZk8 https://i.ytimg.com/vi/LR1HNDuYZk8/maxresdefault.jpg'>Youtube</a>."
                    },
                    {
                        "content": "While construction began in 1908, it would be two years before Lathrop Hall opened its doors to the campus community in 1910. Named after the first chancellor of the University of Wisconsin, Hiram Lathrop, Lathrop Hall is perhaps most well-known as the longtime home of the university\u2019s dance department, the first such department in the country.  "
                    },
                    {
                        "content": "Prior to the establishment of a scholarly dance program in 1926, Lathrop Hall filled multiple needs on campus, and in 1914, Lathrop Hall welcomed the 4th Annual Conference of the Society of American Indians. "
                    },
                    {
                        "content": "Founded in 1911, the Society of American Indians \u201cwas the first American Indian rights organization conceived, developed, and run by Native people themselves.\u201d<sup>1</sup> As retired UW professor Larry Nesper has pointed out, the Society of American Indians \u201cwas composed of members of the first generation of well-educated, professional, middle-class American Indian men and women.\u201d<sup>2</sup>"
                    },
                    {
                        "image": "img/tour4/sai.jpg",
                        "alt": " A large group of formally-dressed attendants of the Society of American Indians stand in front of the stone-brick facade of Lathrop Hall.",
                        "caption": " A photo from the second day of the Society of American Indians Conference held in Lathrop Hall, taken October 7th, 1914. Retrieved from <a href='https://search.library.wisc.edu/digital/AVA6NGZTR4WX7C9B'>UWDC</a>."
                    },
                    {
                        "content": "Prior to the 1914 meeting at UW-Madison, the Society of American Indians (SAI) had met at Ohio State University in 1911 and 1912 and then at the University of Denver in 1913. During each of these meetings, much like their meeting at UW-Madison, SAI members worked to advance the lives of American Indian people by lobbying Congress."
                    },
                    {
                        "content": "When the SAI met on the UW-Madison campus for a week in early October 1914 at the invitation of UW president Charles R. Van Hise and director of the State Historical Museum (today\u2019s WHS) Charles E. Brown, 57 American Indian people representing 13 tribal nations were in attendance.<sup>3</sup>  Unlike other SAI meetings between its founding in 1911 and 1923, this was the only meeting that was fully transcribed. As such, we know, with detailed accuracy, the agenda and discussion of the week-long meeting \u2013 such critical topics as US citizenship for American Indians, land loss, and legal claims against the United States. While in Madison, attendees were able to visit campus buildings including the Red Gym, tour Madison parks, and visit the mounds at Bascom Hill and Observatory Hill as well as a mound group at Vilas Park.<sup>4</sup>"
                    },
                    {
                        "content": "This meeting of the SAI was an early impetus for the ongoing relationship work between the University of Wisconsin and the tribal nations of the state of Wisconsin. Today, we continue to urge critical reflection on what the Wisconsin Idea means for the American Indian people and tribal nations of Wisconsin."
                    },
                    {
                        "sources": [
                            {
                                "link": "https://www.jstor.org/stable/10.5250/amerindiquar.37.3.0003",
                                "linkText": " Chadwick Allen, \u201cIntroduction: Locating the Society of American Indians\u201d P.3",
                                "title": "1"
                            },
                            {
                                "link": "https://www.jstor.org/stable/10.5250/amerindiquar.37.3.0003",
                                "linkText": " Chadwick Allen, \u201cIntroduction: Locating the Society of American Indians\u201d P.29",
                                "title": "2"
                            },
                            {
                                "link": "https://www.anthropology.wisc.edu/staff/nesper-larry/",
                                "linkText": " Larry Nesper, \u201cThe Society of American Indians, the Wisconsin Idea, and Tribal Communities\u201d p.15",
                                "title": "3"
                            },
                            {
                                "link": "https://www.anthropology.wisc.edu/staff/nesper-larry/",
                                "linkText": " Larry Nesper, \u201cThe Society of American Indians, the Wisconsin Idea, and Tribal Communities\u201d p.32",
                                "title": "4"
                            }
                        ]
                    }
                ],
                "name": "Lathrop Hall",
                "pointOnTour": 6,
                "pk": 29,
                "tours": "tour4",
                "audio": "lathrop_hall",
                "label": "Continue down University to the front of <b>Lathrop Hall</b>."
            },
            "geometry": {
                "type": "Point",
                "coordinates": [
                    -89.4030123938671,
                    43.0734194412329
                ]
            }
        },
        {
            "type": "Feature",
            "properties": {
                "story": [
                    {
                        "image": "img/tour4/university_ave_overhead.jpg",
                        "alt": " The University of Wisconsin-Madison campus, looking from the eastern edge of campus to the west along University Avenue.",
                        "caption": " University Avenue facing west, 2018. Photo by Bryce Richter, UW-Madison. Retrieved from <a href='https://uwmadison-photos.photoshelter.com/search/result/I0000iEYYc2fNAAw?terms=university%20avenue&'>UW-Photo Library</a>."
                    },
                    {
                        "content": "If you have spent any amount of time in Madison, you may know the significance of the Beltline, or Highway 12 to get from one side of town to the other. A less known detail about Highway 12 is that \u201cit was a former Indian trail,\u201d1 whose use and utility expanded during non-Native settlement. Today, the trail is a six-lane highway through metropolitan Dane County and beyond. It is still traveled by Ho-Chunk citizens as they move between Teejop and tribal lands near Tomah, Black River Falls, Wisconsin Dells, and Baraboo.  "
                    },
                    {
                        "content": "In addition to Highway 12, many of the roads we use today, from coast to coast, were based on former Indian trails, including Ho-Chunk trails. In fact, \u201cIndian trails between Fort Dearborn (Chicago) and Fort Howard (Green Bay), and Fort Howard and Prairie du Chien, were straightened by the military and local settlers for use as wagon roads.\u201d"
                    },
                    {
                        "content": "As you stand here, on University Avenue, a bustling thoroughfare through campus, think about how the Ho-Chunk, and other Indigenous peoples, used this land over 200 years ago. As Chloris Lowe has described it, Teejop has long been \u201ca meeting place, a place of community\u201d a place of \u201ccrisscrossing ideas.\u201d<sup>3</sup> This idea is not limited to the land only, but also the waterways \u2013 including the Wisconsin River, the Mississippi River, and each of the Great Lakes.\""
                    },
                    {
                        "image": "img/tour4/charles_brown_map.jpg",
                        "alt": " A map of Madison, Wisconsin from the 1930s. Lake Mendota is shown in the top-half of the map. The bottom half of the map shows the area of the University of Wisconsin-Madison campus, bordered at the bottom by a black line representing University Avenue. There are dashed red lines, representing Ho-Chunk trails, that roughly follow the university avenue line.",
                        "caption": " A historical map of Madison. The thick black line shows University Avenue, while the dashed red lines show Ho-Chunk trails. Map created by Charles E. Brown, 1930s."
                    },
                    {
                        "content": "Water travel routes have long supported the exchange of ideas, languages, and cultures while simultaneously facilitating trade, diplomacy, and travel. As non-Native settlers arrived to this region, the same water and land routes, long used by Indigenous peoples, became tools of colonization."
                    },
                    {
                        "content": "Today, collaborative work between the Ho-Chunk Nation, the Wisconsin Historical Society, and UW-Madison researchers continues to uncover and document the extensive network of Ho-Chunk trails that traversed the Teejop region. Megan Binkley, a PhD student in Anthropology at UW-Madison, has been doing just this as she works to digitize historic Ho-Chunk trails in order to preserve that cultural knowledge for the tribe. In reflecting on the work of Binkley, Bill Quakenbush (Ho-Chunk Nation Tribal Historic Preservation Officer) shares that this ongoing research affirms the continued cultural significance of this land while also being valuable for roadwork at the state and local levels.<sup>4</sup>"
                    },
                    {
                        "sources": [
                            {
                                "link": "https://univercity.wisc.edu/2022/05/12/uw-madison-phd-student-maps-multiple-lives-of-ho-chunk-travel-routes/",
                                "linkText": " UW-Madison PhD student maps \u2018multiple lives\u2019 of Ho-Chunk travel routes",
                                "title": "1"
                            },
                            {
                                "link": "https://www.wisconsinhistory.org/Records/Article/CS1825",
                                "linkText": " Roads in Wisconsin (early)",
                                "title": "2"
                            },
                            {
                                "link": "https://biochem.wisc.edu/2023/12/18/new-art-installation-connects-land-and-biochemistry-students-across-generations/",
                                "linkText": " New Art Installation Connects Land and Biochemistry Students Across Generations",
                                "title": "3"
                            },
                            {
                                "link": "https://univercity.wisc.edu/2022/05/12/uw-madison-phd-student-maps-multiple-lives-of-ho-chunk-travel-routes/",
                                "linkText": " UW-Madison PhD student maps \u2018multiple lives\u2019 of Ho-Chunk travel routes",
                                "title": "4"
                            }
                        ]
                    }
                ],
                "name": "University Avenue",
                "pointOnTour": 7,
                "pk": 30,
                "tours": "tour4",
                "audio": "university_ave",
                "label": "Safely cross University Avenue at the Brooks Street intersection. Find a place along the sidewalk to look at <b>University Avenue</b>."
            },
            "geometry": {
                "type": "Point",
                "coordinates": [
                    -89.4023189684874,
                    43.073180163289
                ]
            }
        },
        {
            "type": "Feature",
            "properties": {
                "story": [
                    {
                        "image": "img/tour4/isc.jpg",
                        "alt": " The UW-Madison Indigenous Student Center.",
                        "caption": " Photo by Gareth Baldrica-Franklin."
                    },
                    {
                        "content": "While UW-Madison was founded in 1848, it would take over 100 years before the first American Indian student would graduate. In 1950, Geraldine Harvey, who was Ojibwe and Oneida, earned her master\u2019s degree in education. Six years later, Robert Powless (Oneida), became the first American Indian to earn a bachelor\u2019s degree at UW and one year later, Ada Deer (Menominee) became the first female American Indian student to graduate from UW.<sup>1</sup>"
                    },
                    {
                        "content": "As American Indian student attendance at UW continued to grow during the second half of the twentieth century, and on the wave of Native student activism across the country, Wunk Sheek, a Native student organization, proposed a Native student center on campus in 1972. Two years later, in 1974, their request was approved and space was provided to them (and Mecha) at 710 University Avenue.\""
                    },
                    {
                        "image": "img/tour4/wunk_sheek_powwow_1983.jpg",
                        "alt": " Four Native American men in a drum circle.",
                        "caption": " A drum circle at a Wunk Sheek PowWow held at UW-Madison in 1983. Retrieved from <a href='https://search.library.wisc.edu/digital/A6A5LUUW4ZO6MP8R'>UWDC</a>."
                    },
                    {
                        "content": "Today, the Indigenous Student Center (ISC) is located at 215 N. Brooks Street. The ISC is home to multiple Indigenous student organizations on campus including Wunk Sheek, Alpha Pi Omega, MadTown Singers (an Indigenous drum group), and the Indigenous Law Student Association."
                    },
                    {
                        "content": "As a central gathering place for Native students on campus and their allies, the ISC regularly hosts community meals, cultural workshops, serves as a meeting space for Native student organizations, and strives to remain a safe place for all students."
                    },
                    {
                        "content": "In recent years, the ISC has faced uncertainty as ongoing construction of the new Levy Hall building has put the longevity of the N. Brooks Street location into question. Over the last few years, the long-term home of the ISC has been at the center of discussion, and contention, between campus leadership, Native students on campus, the ISC coordinator, Native orgs on campus, UW facilities and planning, and the Multicultural Student Center (MSC).<sup>2</sup>"
                    },
                    {
                        "content": "For many Native students on campus, including members of the Native student organizations who call the ISC home, the threat of the demolition of the ISC (and potential relocation to the MSC in the Red Gym) is disheartening and draws parallels to the disastrous policy of Indian removal. Native students and allies have long called for a clearly communicated plan for the long-term home of the ISC, a plan that involves consultation with Native students, and a space outside of the MSC, a space that is safe and accessible to all community members."
                    },
                    {
                        "sources": [
                            {
                                "link": "https://reckoning.wisc.edu/the-early-years/#the-firsts",
                                "linkText": " Sifting and Reckoning: The Firsts",
                                "title": "1"
                            },
                            {
                                "link": "https://students.wisc.edu/news/indigenous-student-center-updates/",
                                "linkText": " Indigenous Student Center Updates",
                                "title": "2"
                            }
                        ]
                    }
                ],
                "name": "Indigenous Student Center",
                "pointOnTour": 8,
                "pk": 31,
                "tours": "tour4",
                "audio": "isc",
                "label": "Continue down Brooks Street until you reach the <b>Indigenous Student Center</b> building."
            },
            "geometry": {
                "type": "Point",
                "coordinates": [
                    -89.4023673429612,
                    43.0716185059728
                ]
            }
        },
        {
            "type": "Feature",
            "properties": {
                "story": [
                    {
                        "image": "img/tour5/murals.jpg",
                        "alt": " The corner of an interior room. Six framed paintings are hung on the walls. Each painting shows the UW Arboretum's land at different points in history\u2014beginning with the Ho-Chunk people, the arrival of Euro-American Settlers and subsequent disruption. The paintings are bright and full of high-contrast greens. Few details are visible in the photo.",
                        "caption": " Photo by Gareth Baldrica-Franklin."
                    },
                    {
                        "content": "<i>Note: the UW Arboretum Visitor\u2019s Center is open 9:30 - 4 on weekdays and 12:30 - 4 on weekends.</i>"
                    },
                    {
                        "content": "Welcome to the University of Wisconsin Arboretum! Dedicated in 1934 as a space for research, the UW Arboretum has since become home to some of the first and longest-running ecological restoration projects in the country. But the history of the UW Arboretum\u2019s land is much longer, and deeper, than the last hundred years. The UW Arboretum, as with the rest of Teejop, occupies the ancestral land of the Ho-Chunk people."
                    },
                    {
                        "content": "The murals in this room, painted by Victor Bakhtin, illustrate the changing relationship between people and the land over millennia. Bakhtin was known for his extensive research into past landscapes, and his ability to visually reconstruct them with his distinctive visual style.<sup>1</sup> \u201cChange Over Time\u201d and \u201cTraditions\u201d depict the southern Wisconsin landscape prior to colonization. Bakhtin consulted extensively with Ho-Chunk sculptor Harry Whitehorse, and depicted Whitehorse, engaged in carving, in the \u201cTraditions\u201d mural.<sup>2</sup> Collectively, these murals show the vibrancy of Ho-Chunk life built upon traditional ecological knowledge (TEK). Practiced by Indigenous peoples globally, TEK is \u201cthe knowledge, practices, and belief concerning the relationship of living beings to one another and they physical environment...developed through generations of intimate contact by [Native peoples with their lands.\u201d<sup>3</sup>"
                    },
                    {
                        "image": "img/tour5/harry_whitehorse_mural_sketch.jpg",
                        "alt": " Two side-by-side pen and ink sketches of a Ho-Chunk man carving a large sculpture.",
                        "caption": " Victor Bakhtin's sketches of Harry Whitehorse for the 'Traditions' mural. Retrieved from <a href='https://www.harrywhitehorse.com/the-university-of-wisconsin-arboretum-murals/'>harrywhitehorse.com</a>."
                    },
                    {
                        "content": "In contrast to TEK, the murals on the right, \u201cNewcomers in Wisconsin\u201d and \u201cDisruption on the Land\u201d, depict the arrival of Euro-American settlers in Wisconsin, and the effects of settler-colonialism. The colonial relationship to the land considers humans as separate\u2014often superior\u2014to nonhumans. Under this Western framework, the land, and nonhumans, are simply resources."
                    },
                    {
                        "content": "for extraction. While extractive industries, such as mining, or logging, are obvious examples, the conservation movement also exists in contrast to TEK. Conservation often advocates for the designation of land as unavailable to humans, reinforcing the separation between them and the natural world.<sup>4</sup>"
                    },
                    {
                        "content": "Indigenous groups across the world, and in Wisconsin, have fought to preserve TEK. In 2016, the Ho-Chunk Nation became the first in North America to recognize the \u201crights of nature\u201d in their constitution, creating a legal framework built upon TEK.<sup>5</sup>"
                    },
                    {
                        "content": "This tour, and its partner tour at Wingra Woods, will explore the Indigenous histories of the UW Arboretum, the effects of colonization, and the way in which this place continues to be shaped by Indigenous people and thinking through the direct application of TEK."
                    },
                    {
                        "sources": [
                            {
                                "link": "https://arboretum.wisc.edu/news/arboretum-news/remembering-victor-bakhtin/",
                                "linkText": " Remembering Victor Bakhtin",
                                "title": "1"
                            },
                            {
                                "link": "https://www.harrywhitehorse.com/the-university-of-wisconsin-arboretum-murals/",
                                "linkText": " The University of Wisconsin Arboretum Murals",
                                "title": "2"
                            },
                            {
                                "link": "https://academic.oup.com/bioscience/article/52/5/432/236145",
                                "linkText": " Robin Wall Kimmerer, \u201cWeaving Traditional Ecological Knowledge into Biological Education: A Call to Action\u201d",
                                "title": "3"
                            },
                            {
                                "link": "https://www.jstor.org/stable/2641289",
                                "linkText": " Pierotti and Wildcat, \u201cTraditional Ecological Knowledge: the Third Alternative\u201d",
                                "title": "4"
                            },
                            {
                                "link": "https://www.wpr.org/environment/ho-chunk-nation-amends-constitution-add-environmental-protections",
                                "linkText": " Ho-Chunk Nation Amends Constitution To Add Environmental Protections",
                                "title": "5"
                            }
                        ]
                    }
                ],
                "name": "Arboretum Murals (Visitor Center)",
                "pointOnTour": 1,
                "pk": 32,
                "tours": "tour5",
                "audio": "arboretum_murals",
                "label": "Begin in the <b>UW Arboretum Visitor's Center</b> mural room. Enter the main doors and turn right. If you can't find it, please ask Arboretum staff at the welcome desk. <b><i>Tap the circle icon when you arrive.</i></b>"
            },
            "geometry": {
                "type": "Point",
                "coordinates": [
                    -89.4303147943059,
                    43.0412441671139
                ]
            }
        },
        {
            "type": "Feature",
            "properties": {
                "story": [
                    {
                        "image": "img/tour5/friends_terrace_garden.jpg",
                        "alt": " The Friends Terrace Garden at the UW-Arboretum.",
                        "caption": " Photo by Gareth Baldrica-Franklin."
                    },
                    {
                        "content": "On June 17th, 1934, the UW Arboretum was formally dedicated. The Wisconsin State Journal reported a crowd of 150 people, who listened to a lineup of eight speakers: including representatives from the State of Wisconsin, UW, the UW Regents, and backers of the arboretum project, such as John Nolen, and Aldo Leopold. These speakers praised the UW Arboretum project and its perceived value for research. Leopold described his goal of UW Arboretum land re-creating \u201cwhat Dane County looked like when our ancestors arrived here during the 1840s.\u201d<sup>1</sup> Acknowledging the value of restoration, and later writing about mutual beneficence with the land, he did not make a connection between the landscape in the 1840s, at the time of initial Euro-American settlement, and the Ho-Chunk people who had stewarded the land since time immemorial."
                    },
                    {
                        "content": "Towards the end of the dedication, there was a surprise speaker, whose name was not included on the official program, whose speech was not written, or transcribed. Ho-Chunk Chief Albert Yellow Thunder, who appeared \u201cin a trailing headdress of bright feathers and a brilliant red tunic lavishly trimmed with wampum and colorful beads.\u201d<sup>2</sup> Today, all that survives of Yellow Thunder\u2019s speech are snippets recorded by journalists in attendance. \u201cLike the trees, we are a dying race today. Some of you may see the day when an Indian is considered a relic. The only monument we leave is America, and its natural forests, and the streams which my people traveled. Take care of those natural beauties.\u201d<sup>3</sup>"
                    },
                    {
                        "content": "Evoking the idea of the \u201cvanishing Indian\u201d for a predominately white audience, Yellow Thunder highlighted the intended consequences of settler colonialism: the eradication of Native people. While Yellow Thunder\u2019s quotations at the UW Arboretum were repeated in multiple publications, there is no way to verify their accuracy. Non-native journalists often falsified, or greatly exaggerated, speeches from Native leaders. Yellow Thunder\u2019s \u201cquotations\u201d are reminiscent of the oration of other famous Indigenous leaders, such as Chief Seeathl, that purport to legitimize settler inheritance of Indigenous land and resources.<sup>4</sup>"
                    },
                    {
                        "image": "img/tour5/yellow_thunder_charles_brown.jpg",
                        "alt": " Former Wisconsin State Archaeologist Charles E. Brown. and Ho-Chunk Chief Albert Yellow Thunder.",
                        "caption": " Chief Albert Yellow Thunder (right) next to former Wisconsin State Archaeologist Charles E. Brown (left), circa 1933. Retrieved from <a href='https://digital.library.wisc.edu/1711.dl/NTZITGZ65KPI48Z'>UWDC</a>."
                    },
                    {
                        "content": "Yellow Thunder\u2019s dedication speech came one day before the passage of the Indian Reorganization Act, signaling an end to the federal government\u2019s previous policy of allotment\u2014which began in 1887 and ultimately reduced the tribal land holdings by 90 million acres, opening nearly every reservation across the country to white settlement.<sup>5</sup> The Indian Reorganization Act marked a brief period of tepid federal support for the independence of tribal nations."
                    },
                    {
                        "content": "Chief Yellow Thunder continued to be involved in the UW Arboretum, speaking at the dedication of Big Springs in 1935, and sharing Ho-Chunk names for several of the other natural springs in the Wingra watershed 6, though these names were never adopted."
                    },
                    {
                        "sources": [
                            {
                                "link": "https://uwpress.wisc.edu/books/4923.htm",
                                "linkText": " Frank Court, Pioneers of Ecological Restoration.",
                                "title": "1"
                            },
                            {
                                "link": "https://archive.org/details/thousandagesuniv0000nanc",
                                "linkText": " Nancy D. Sachse, A Thousand Ages: The University of Wisconsin Arboretum.",
                                "title": "2"
                            },
                            {
                                "note": " The Capital Times, June 18th, 1934.",
                                "title": "3"
                            },
                            {
                                "link": "https://uwapress.uw.edu/book/9780295741345/native-seattle/",
                                "linkText": " Coll Thrush, Native Seattle.",
                                "title": "4"
                            },
                            {
                                "link": "https://iltf.org/",
                                "linkText": " Indian Tenure Land Foundation.",
                                "title": "5"
                            },
                            {
                                "note": " Charles E. Brown, \u201cPlace Names Furnished by Yellow Thunder.\u201d",
                                "title": "6"
                            }
                        ]
                    }
                ],
                "name": "Friends Terrace Garden",
                "pointOnTour": 2,
                "pk": 33,
                "tours": "tour5",
                "audio": "friends_terrace_garden",
                "label": "Exit the Visitor's Center through the back door. One outside, head towards the <b>paved stone circle</b> to the left."
            },
            "geometry": {
                "type": "Point",
                "coordinates": [
                    -89.4302014001149,
                    43.0415470125752
                ]
            }
        },
        {
            "type": "Feature",
            "properties": {
                "story": [
                    {
                        "image": "img/tour5/bur_oak_savanna.jpg",
                        "alt": " A paved path curves through tall prairie grasses of varying shades of green. In the foreground, there is a black sign with text reading 'Bur Oak Savanna'.",
                        "caption": " Photo by Gareth Baldrica-Franklin."
                    },
                    {
                        "content": "You are now facing the bur oak savanna garden. Prior to Euro-American colonization, much of the UW Arboretum\u2019s land looked similar\u2014oak trees interspersed with tallgrass prairie, supporting a variety of wildlife, including bison. Wisconsin once contained over 5.5 million acres of oak savanna, while today only around 13,000 acres remain.<sup>1</sup> The disappearance of savannas was partially driven by settlement, and land clearing for agriculture, but was also related to a particular policy adopted by Euro-American settlers: fire suppression."
                    },
                    {
                        "content": "Oak savannas depend on fire. Regular burning destroys the saplings of competing species, such as maple, which shade out small oaks if allowed to grow. Prairie plants benefit from the nutrient cycling that occurs following a burn, and fire has been shown to effectively combat invasive species. While some fires were caused by lightning, many were set deliberately as part of traditional land stewardship practiced by a variety of Indigenous nations, including the Ho-Chunk. As Robin Wall Kimmerer and Frank Kanawha Lake write: \u201cIndigenous people used fire to modify the environment for their own survival.\u201d<sup>2</sup> Healthy oak savannas attracted large grazers, such as deer and elk, which were hunted for food and other valuable materials. Regular burning at different intervals created a landscape mosaic capable of meeting the needs of its human and nonhuman inhabitants throughout the seasons.\""
                    },
                    {
                        "image": "img/tour5/controlled_burn1971.jpg",
                        "alt": " A field of charred earth. A small wall of smoke and flame can be seen in the distance.",
                        "caption": " A controlled burn exercise at the UW Arboretum, 1971. Retrieved from <a href='https://digital.library.wisc.edu/1711.dl/N5MYK5ZIAS3HY8W'>UWDC</a>."
                    },
                    {
                        "content": "While the Ho-Chunk used fire to work with the land, white settlers viewed fire as purely destructive. \u201cThe policy of fire suppression in Western society arises from the myth that nature can be controlled.\u201d<sup>3</sup> Not only does fire suppression destroy ecosystems like oak savannas, it also makes fires more destructive, as brush and other \u201cfuel\u201d in the understory has been allowed to accumulate. We are already seeing the consequences of widespread fire suppression, particularly in the Western U.S., as the climate warms."
                    },
                    {
                        "content": "The UW Arboretum has used prescribed fire for prairie and oak management since 1948, when it was studied by university professor John Curtis to reduce the prevalence of invasive bluegrass.<sup>4</sup> Today, fires are typically set in Spring or late Fall, under very specific weather parameters to ensure safety."
                    },
                    {
                        "sources": [
                            {
                                "link": "ThePrairiesoftheDaneCountySectionofPheasantBranchConservancy",
                                "linkText": " https://www.pheasantbranch.org/prairies/history.html#settlement",
                                "title": "1"
                            },
                            {
                                "link": "https://faculty.fortlewis.edu/KORB_J/global%20fire/indigenous%20fire_north_america.pdf",
                                "linkText": " Kimmerer and Lake, \u201cThe Role of Indigenous Burning in Land Management\u201d p.38.",
                                "title": "2"
                            },
                            {
                                "link": "https://faculty.fortlewis.edu/KORB_J/global%20fire/indigenous%20fire_north_america.pdf",
                                "linkText": " Kimmerer and Lake, \u201cThe Role of Indigenous Burning in Land Management\u201c p.38.",
                                "title": "3"
                            },
                            {
                                "link": "https://archive.org/details/thousandagesuniv0000nanc",
                                "linkText": " Nancy D. Sachse, A Thousand Ages: The University of Wisconsin Arboretum.",
                                "title": "4"
                            }
                        ]
                    }
                ],
                "name": "Bur Oak Savanna Garden",
                "pointOnTour": 3,
                "pk": 34,
                "tours": "tour5",
                "audio": "bur_oak_savanna_garden",
                "label": "Loop back towards the Visitor's Center until you reach a sign for the <b>Bur Oak Savanna Garden</b>."
            },
            "geometry": {
                "type": "Point",
                "coordinates": [
                    -89.429997043737,
                    43.0413831243654
                ]
            }
        },
        {
            "type": "Feature",
            "properties": {
                "story": [
                    {
                        "image": "img/tour5/farmstead_interpretive_site.jpg",
                        "alt": " A square of stones sits beneath a copse of trees.",
                        "caption": " Photo by Gareth Baldrica-Franklin."
                    },
                    {
                        "content": "Through the oak trees, a stone foundation marks the farmstead interpretive site, which describes the use of the UW Arboretum's land prior to 1934.<sup>1</sup> In the approximately 100 years between the Treaty of 1832, which dispossessed the Ho-Chunk of Teejop, and the foundation of the UW Arboretum, the land had been home to several farms. Into the 1840s, a group of Ho-Chunk managed a farm on what eventually became a fairway of the Nakoma Country Club.<sup>2</sup> However, these\u2014and many other Ho-Chunk\u2014lacked legal title to the land. "
                    },
                    {
                        "content": "Between the signing of the treaty, and the start of formal white settlement (squatters had settled illegally on Ho-Chunk land for decades), Teejop was officially surveyed by the United States.<sup>3</sup> The process of surveying divided the land into a grid of individual parcels, which could be sold by the government. In other words, surveying transformed land into property: something that could be bought and sold. Not only was this Western conception of land often illegible, or contradictory, to Indigenous conceptions of land, but Indigenous people were largely excluded from participating in this system of land ownership as non-citizens of the relatively young United States. "
                    },
                    {
                        "content": "While the Western property system was largely used in service of Indigenous dispossession, the Ho-Chunk were occasionally\u2014and through great effort\u2014able to purchase property. Though this did not happen around the UW Arboretum, in parts of Sauk and Northern Dane county, Ho-Chunk families worked to acquire formal title to land. For example, Chief Yellow Thunder\u2014grandfather of Albert Yellow Thunder, the Ho-Chunk chief who spoke at the UW Arboretum\u2019s dedication\u2014and his wife Wiih\u0105ga, successfully resisted attempts at removal to reservations to the West, and later purchased property in Sauk County.<sup>4</sup>"
                    },
                    {
                        "image": "img/tour5/sauk_survey.png",
                        "alt": " A section of a historical map depicting a property in Sauk County. The map is a grid of solid black lines representing quarter-sections of the Public Land Survey System, which are labeled with property owners. In the center of the map, there is a label for 'Indian, Ar-hu-choker'. Just to the left, there is a label for a school. Several other property owners are shown on the map.",
                        "caption": " A section of a Sauk County property map from 1849, showing a parcel owned by 'Indian Ar-Hu-Choker'. Retrieved from <a href='https://content.wisconsinhistory.org/digital/collection/maps/id/1849/rec/1'>Wisconsin Historical Society</a>."
                    },
                    {
                        "content": "However, through a series of treaties in 1829, 1832, and 1837 most Ho-Chunk peoples were removed from the state of Wisconsin as the federal government opened their homelands to non-Native settlement, this was followed by the attempted genocide of Ho-Chunk people into the 1850s and 1860s. Despite this violent history, many Ho-Chunk refused to leave and worked to acquire legal title to land, including through the Homestead Act. Eventually, through an act of Congress in 1881, the presence of Ho-Chunk in Wisconsin was legally codified. Yet, in 1934, the year the UW Arboretum was founded, the Wisconsin Ho-Chunk were fighting to achieve federal recognition, as well as for official compensation for the government\u2019s land theft\u2014both of which wouldn\u2019t arrive for decades."
                    },
                    {
                        "content": "Today, the Ho-Chunk Nation lacks a reservation created through treaty (as is true for most reservations). Instead, the Ho-Chunk land base across southern Wisconsin was re-established by individual and collective acts of resistance."
                    },
                    {
                        "sources": [
                            {
                                "link": "https://archive.org/details/thousandagesuniv0000nanc",
                                "linkText": " Nancy D. Sachse, A Thousand Ages: The University of Wisconsin Arboretum.",
                                "title": "1"
                            },
                            {
                                "note": " Charles E. Brown Collection, \u201cIndian Corn Fields and Camp Sites\u201d",
                                "title": "2"
                            },
                            {
                                "link": "https://uncpress.org/book/9781469673608/citizens-of-a-stolen-land/",
                                "linkText": " Stephen Kantrowitz, Citizens of a Stolen Land: A Ho-Chunk History of the Nineteenth-Century United States.",
                                "title": "3"
                            },
                            {
                                "link": "https://uncpress.org/book/9781469673608/citizens-of-a-stolen-land/",
                                "linkText": " Stephen Kantrowitz, Citizens of a Stolen Land: A Ho-Chunk History of the Nineteenth-Century United States.",
                                "title": "4"
                            }
                        ]
                    }
                ],
                "name": "Farmstead Interpretive Site",
                "pointOnTour": 4,
                "pk": 35,
                "tours": "tour5",
                "audio": "farmstead_interpretive_site",
                "label": "Continue through and past the Bur Oak Savanna Garden. The stone markers of <b>Farmstead Intepretive Site</b> are through a different patch of oak trees. It may be difficult to see through the brush."
            },
            "geometry": {
                "type": "Point",
                "coordinates": [
                    -89.4290043313487,
                    43.0417986615237
                ]
            }
        },
        {
            "type": "Feature",
            "properties": {
                "story": [
                    {
                        "image": "img/tour5/maple_basswood_forest_garden.jpg",
                        "alt": " The 'Maple-Basswood Forest' at the UW-Arboretum.",
                        "caption": " Photo by Gareth Baldrica-Franklin."
                    },
                    {
                        "content": "The patch of trees in front of you represents a Maple-Basswood Forest, an ecosystem common within southern Wisconsin and Minnesota. As the name suggests, maple and basswood are prominent in these environments. These forests are also home to black ash trees, though none are present in this particular patch."
                    },
                    {
                        "content": "Used by Indigenous peoples across the Great Lakes for generations, the wood from black ash trees is particularly suited for basketry. When processed correctly, a single mature black ash tree can provide material for over 1,000 baskets.<sup>1</sup> For the Ho-Chunk, the creation and sale of black ash baskets in the 19th and 20th centuries was a primary source of income for families."
                    },
                    {
                        "image": "img/tour5/bertha_blackdeer_basket.jpg",
                        "alt": " Bertha Blackdeer fastening a strip onto an in-progress Black Ash bakset.",
                        "caption": " Bertha Blackdeer (Ho-Chunk) tightens a strip on a black ash basket. Retrieved from <a href='https://digital.library.wisc.edu/1711.dl/R5AMJUBWGCENJ8L'>UWDC</a>."
                    },
                    {
                        "content": "Generally created by women, Ho-Chunk baskets were sold along major roads and highways\u2014such as Highway 12\u2014to tourists and other passersby.<sup>2</sup> Baskets were made for a variety of purposes, from baby bassinets to egg and picnic baskets, and each reflected the experiences and personalities of their makers.<sup>3</sup> Over time, Ho-Chunk baskets became prized objects for collectors due to their quality and beauty."
                    },
                    {
                        "content": "Today, black ash trees are at risk of disappearing entirely. The emerald ash borer (EAB), a beetle native to northeast Asia, is thought to have arrived in North America in the 1990s through shipping containers. EAB larvae make serpentine pathways through ash trees, disrupting the flow of water and nutrients, and eventually killing the tree.<sup>4</sup> According to models from the Wisconsin Department of Natural Resources, healthy forests are at risk of losing 98% of their ash trees within six years due to EAB infestation.<sup>5</sup> The loss of black ash trees threatens the culturally significant basket making traditions for the Ho-Chunk and other tribal nations.\""
                    },
                    {
                        "image": "img/tour5/black_ash_tree.jpg",
                        "alt": " A thin Black Ash branch over a Black Ash trunk.",
                        "caption": " Black ash tree and leaves. Retrieved from <a href='https://commons.wikimedia.org/wiki/File:Fraxinus_nigra_NRCS-1.jpg'>Wikimedia Commons</a>."
                    },
                    {
                        "content": "The EAB is only one example of the many non-native species that have spread across the US as a result of ongoing settler-colonialism. As settlers arrived to the North American continent, they either intentionally or inadvertently brought plants and animals from their homelands, some of which dramatically disrupted Indigenous lifeways.<sup>6</sup> Today, as the world becomes more interconnected through global supply chains, non-native species can easily be brought to new environments\u2014such as EAB. As EAB spread across the upper Midwest, tribal nations work to combat their arrival, often blending cultural tradition and science\u2014emphasizing reciprocity\u2014with Western management practices.<sup>7</sup> For example, the Ho-Chunk Nation maintains a black ash seed bank, designed to preserve seeds to be replanted when the threat of EAB has passed while the Menominee Nation has experimented with natural insecticides, though the application process is labor-intensive."
                    },
                    {
                        "content": "Black Ash trees are not common in the UW Arboretum. Green and White ash, dead or dying from EAB, are removed for safety reasons."
                    },
                    {
                        "sources": [
                            {
                                "link": "https://www.greenbaypressgazette.com/story/news/native-american-issues/2021/09/01/emerald-ash-borer-wisconsin-threatens-indigenous-basket-weaving/5665594001/",
                                "linkText": " Emerald ash borer is threatening Indigenous basket weaving in Wisconsin as tribal and state officials race to stop it",
                                "title": "1"
                            },
                            {
                                "link": "https://wisconsinart.org/exhibitions/weaving-a-legacy-ho-chunk-black-ash-basketry/",
                                "linkText": " Weaving a Legacy: Ho-Chunk Black Ash Basketry",
                                "title": "2"
                            },
                            {
                                "link": "https://www.hearherelacrosse.org/stories/tom-jones/",
                                "linkText": " Hear, Here, \u201cTom Jones\u201d",
                                "title": "3"
                            },
                            {
                                "link": "https://www.greenbaypressgazette.com/story/news/native-american-issues/2021/09/01/emerald-ash-borer-wisconsin-threatens-indigenous-basket-weaving/5665594001/",
                                "linkText": " Emerald ash borer is threatening Indigenous basket weaving in Wisconsin as tribal and state officials race to stop it",
                                "title": "4"
                            },
                            {
                                "link": "https://dnr.wisconsin.gov/topic/foresthealth/emeraldashborer",
                                "linkText": " Emerald Ash Borer",
                                "title": "5"
                            },
                            {
                                "link": "https://link.springer.com/article/10.1007/s11625-018-0571-4",
                                "linkText": " Reo and Ogden, \u201cAnishnaabe Aki: an indigenous perspective on the global threat of invasive species\u201d",
                                "title": "6"
                            },
                            {
                                "link": "https://anthrosource.onlinelibrary.wiley.com/doi/10.1111/j.2153-9561.2011.01051.x",
                                "linkText": " Willow, \u201cIndigenizing Invasive Species Management: Native North Americans and the Emerald Ash Borer (EAB) Beetle\u201d",
                                "title": "7"
                            }
                        ]
                    }
                ],
                "name": "Maple-Basswood Forest Garden",
                "pointOnTour": 5,
                "pk": 36,
                "tours": "tour5",
                "audio": "maple-basswood_forest_garden",
                "label": "Continue forward until you reach a sign for the <b>Maple Basswood Forest Garden</b>."
            },
            "geometry": {
                "type": "Point",
                "coordinates": [
                    -89.4291613896366,
                    43.041920243823
                ]
            }
        },
        {
            "type": "Feature",
            "properties": {
                "story": [
                    {
                        "image": "img/tour6/trail_entrance.jpg",
                        "alt": " A small trail opening into Wingra Woods.",
                        "caption": " Photo by Gareth Baldrica-Franklin."
                    },
                    {
                        "content": "Welcome to the UW Arboretum\u2019s Wingra Woods. These woods, which hug the shores of Lake Wingra (Kichunkochheperrah), are a place of significance for Ho-Chunk people. This tour will showcase natural springs (m\u0105\u0105\u2019i) and earthen effigy mounds, which provide a striking physical reminder of a millennia of human presence\u2014while also revealing many of the ways Ho-Chunk peoples made their mark on the landscape."
                    },
                    {
                        "content": "Prior to Euro-American settlement in the area, these woods were oak savanna and prairie, actively managed through prescribed burns by the Ho-Chunk. Even after the arrival of settlers, who began to alter the landscape through Western agriculture and land management, Ho-Chunk people remained in the area. They often arrived seasonally, in the Fall, and caught muskrat and mink, spearfished, and gathered wild rice from Lake Wingra. From the woods, they gathered ruu\u01e7i \u0161ucge, or red willow bark (also called kinnickinnick), which was mixed with tobacco.<sup>1</sup> As late as 1925, wooden Ho-Chunk ciiporokes (similar to Ojibwe wigwams) were a common sight in the woods, housing whole families whose ancestors had lived in the area for generations.<sup>2</sup>"
                    },
                    {
                        "content": "In less than a century, non-Native settlement significantly altered the landscape around Lake Wingra. While Indigenous traditional ecological knowledge (TEK) prioritizes reciprocity between land and people to maintain a healthy environment. Settlers, unaware of or actively ignoring this deep knowledge, exploited the abundant resources of the area. Game, birds, and fish were hunted by the thousands, far faster than they could naturally reproduce.<sup>3</sup> It was through ongoing and destructive settlement that the need for an UW Arboretum was realized."
                    },
                    {
                        "content": "When the UW Arboretum was established in 1934, state archaeologist Charles E. Brown suggested that the Ho-Chunk should be allowed to camp in the area, a place many had camped seasonally in the past.<sup>4</sup> In fact, Brown led a failed effort in the early 1920s to secure land along Lake Monona for a preserve that would have allowed for Ho-Chunk camping.<sup>5</sup> Unfortunately, the idea of a Ho-Chunk camp at the UW Arboretum was rejected by early Arboretum scientists.<sup>6</sup> "
                    },
                    {
                        "content": "Today, the UW Arboretum, which recognizes the sovereignty of the Ho-Chunk Nation and works to collaborate with tribal representatives, maintains a no collection policy, designed to prevent human damage to the landscape. However, in recent years there has been increasing flexibility with this policy, including certain pre-approved exceptions for gathering by Indigenous peoples."
                    },
                    {
                        "sources": [
                            {
                                "note": " Oliver Lemere, \u201cIndian Tobacco\u201c, Charles E. Brown Collection",
                                "title": "1"
                            },
                            {
                                "note": " Charles E. Brown Collection, \u201cIndians in Vilas Woods\u201d",
                                "title": "2"
                            },
                            {
                                "link": "https://archive.org/details/thousandagesuniv0000nanc",
                                "linkText": " Nancy D. Sachse, A Thousand Ages: The University of Wisconsin Arboretum.",
                                "title": "3"
                            },
                            {
                                "link": "https://uwpress.wisc.edu/books/4923.htm",
                                "linkText": " Frank Court, Pioneers of Ecological Restoration.",
                                "title": "4"
                            },
                            {
                                "link": "https://archive.org/details/thousandagesuniv0000nanc",
                                "linkText": " Nancy D. Sachse, A Thousand Ages: The University of Wisconsin Arboretum. (p.20)",
                                "title": "5"
                            },
                            {
                                "link": "https://archive.org/details/thousandagesuniv0000nanc",
                                "linkText": " Nancy D. Sachse, A Thousand Ages: The University of Wisconsin Arboretum.(p.25)",
                                "title": "6"
                            }
                        ]
                    }
                ],
                "name": "Wingra Woods Trail Entrance",
                "pointOnTour": 1,
                "pk": 37,
                "tours": "tour6",
                "audio": "trail_entrance",
                "label": "Begin at the <b>Wingra Springs Parking Lot</b> trail entrance. <b><i>Tap the circle icon when you arrive.</i></b>"
            },
            "geometry": {
                "type": "Point",
                "coordinates": [
                    -89.427202406448,
                    43.0460209860042
                ]
            }
        },
        {
            "type": "Feature",
            "properties": {
                "story": [
                    {
                        "image": "img/tour6/effigy_mound_sign.jpg",
                        "alt": " The \u201cEffigy Mound\u201d interpretive sign.",
                        "caption": " Photo by Gareth Baldrica-Franklin."
                    },
                    {
                        "content": "The UW Arboretum is home to about a dozen effigy mounds. Constructed by Ho-Chunk ancestors hundreds to thousands of years ago, mounds are sacred sites, with ceremonial significance, with some used for burials. Mounds are found in a variety of forms, including animals (such as geese or foxes), spirits from Ho-Chunk cosmology, and geometric shapes (such as cones or lines). Mounds can vary greatly in size \u2013 from only a few feet in diameter, to the largest bird effigy mound with a wingspan of nearly a quarter mile. Mounds can vary greatly in size\u2014from only a few feet in diameter, to the largest bird effigy mound (now destroyed) with a wingspan of nearly a quarter mile. The largest extant bird mound, located in Madison, has a wingspan of over 600 feet.<sup>1</sup>"
                    },
                    {
                        "content": "Teejop was once home to over a thousand effigy mounds\u2014Wisconsin home to tens of thousands. Today, only a fraction survive. As Wisconsin was settled by Euro-Americans, the transformation of the landscape for Western development and agriculture spurred the widespread destruction of mounds. The area around Lake Wingra was no exception. A large dividing ridge once separated Lake Wingra (Kichunkochheperrah) from Lake Monona (Ho-Chunk name), and was home to dozens, if not hundreds of effigy mounds. These mounds were all destroyed as the ridge was reduced to gravel, levelled, and turned into Park Street.<sup>2</sup>"
                    },
                    {
                        "image": "img/tour6/Mounds_on_Dividing_Ridge.jpg",
                        "alt": " Effigy mounds on the dividing ridge that used to separate Lakes Monona and Wingra.",
                        "caption": " Effigy mounds on the former dividing ridge between Lakes Wingra and Monona, pre-1920. Retrieved from the Charles E. Brown Collection."
                    },
                    {
                        "content": "Prior to 1985, there were no legal protections of effigy mounds in the state of Wisconsin, with the exception of several mounds listed on the National Register of Historic Places. A 1985 Wisconsin state law prohibits the disturbance of burial grounds\u2014and 5-foot buffers around them\u2014on either public or private land.<sup>3</sup> Importantly, not all effigy mounds contain human remains, and the presence of remains itself is often unknown, and would require disruption to the mound in order to determine. Today, mounds on private property across the state, particularly on farmland, are in jeopardy of destruction and loss."
                    },
                    {
                        "content": "As you walk through these woods, you will see the outlines of mounds through the brush. Do not stray from the paths, and treat the area like you would any other sacred site."
                    },
                    {
                        "sources": [
                            {
                                "link": "https://lakeshorepreserve.wisc.edu/native-americans-and-the-preserve/#:~:text=The%20largest%20known%20hemispherical%20mound,of%20nearly%20a%20quarter%20mile",
                                "linkText": " Native Americans and the Preserve",
                                "title": "1"
                            },
                            {
                                "link": "https://www.historicmadison.org/dividingridge",
                                "linkText": " Dividing Ridge",
                                "title": "2"
                            },
                            {
                                "link": "https://www.wisconsinhistory.org/Records/Article/CS3122",
                                "linkText": " Human Burials, Mounds and Cemeteries and State Law",
                                "title": "3"
                            }
                        ]
                    }
                ],
                "name": "Effigy Mound Sign",
                "pointOnTour": 2,
                "pk": 38,
                "tours": "tour6",
                "audio": "effigy_mound_sign",
                "label": "Continue you forward until you reach the <b>Effigy Mounds interpretive sign</b>."
            },
            "geometry": {
                "type": "Point",
                "coordinates": [
                    -89.4272473262146,
                    43.0461594295437
                ]
            }
        },
        {
            "type": "Feature",
            "properties": {
                "story": [
                    {
                        "image": "img/tour6/stay_off_mounds.jpg",
                        "alt": " A sign in the Wingra Woods reading 'Please stay off effigy mounds'.",
                        "caption": " Photo by Gareth Baldrica-Franklin."
                    },
                    {
                        "content": "Effigy mounds require active care and stewardship, encouraging us to think about what relationality with the non-human world can and should look like. Today, the mounds at the UW Arboretum are managed by a series of written and non-written guidelines, a combination of UW mound policy and active consultation with the Ho-Chunk Nation. These guidelines outline parameters for the physical care of mounds, which includes methods to prevent erosion and avoid soil compaction when clearing brush on and near the mounds, to which seasons or times of year maintenance is appropriate, and by whom."
                    },
                    {
                        "content": "The UW Arboretum has long collaborated with Earth Partnership, a UW program that combines community education and ecological stewardship.<sup>1</sup> Earth Partnership, with guidance from the Ho-Chunk Nation, has organized programs for Native students and youth to learn how to care for mounds using culturally appropriate methods.<sup>2</sup>"
                    },
                    {
                        "image": "img/tour6/earth_partnership.jpg",
                        "alt": " A group of people conducting effigy mound care in Winter.",
                        "caption": " Land and mound care at the UW Arboretum led by Earth Partnership and Madison American Indian Science and Engineering Society, likely 2015. Photo by Rachel Byington, retrieved from <a href='https://earthpartnership.wisc.edu/2020/03/26/ias-provides-opportunities-for-mounds-education-and-protection/'>Earth Partnership</a>."
                    },
                    {
                        "content": "Mound stewardship is dynamic. In recent years, Buckthorn, an invasive species known to crowd out native woodland plants, has challenged mound stewardship efforts in the Arboretum. Buckthorn has a large fibrous root system. Therefore, attempting to pull the plant from mounds would greatly disturb soil and disrupt overall mound integrity. Instead, creative solutions are being explored\u2014particularly planting native species around trimmed buckthorn in attempt to out-compete the invader. Earth Partnership set up an experiment to identify native plants that will grow on the site and will seed the mounds with these plants following Ho-Chunk cultural guidelines. These restoration efforts will hopefully result in effective processes for future effigy mound care."
                    },
                    {
                        "sources": [
                            {
                                "link": "https://earthpartnership.wisc.edu/",
                                "linkText": " Earth Partnership",
                                "title": "1"
                            },
                            {
                                "link": "https://earthpartnership.wisc.edu/2020/03/26/ias-provides-opportunities-for-mounds-education-and-protection/",
                                "linkText": " IAS provides opportunities for mounds education and protection",
                                "title": "2"
                            }
                        ]
                    }
                ],
                "name": "Title:Stay off effigy mounds\" Sign ",
                "pointOnTour": 3,
                "pk": 39,
                "tours": "tour6",
                "audio": "stay_off_the_mounds",
                "label": "Continue until you reach a fork in the path, marked by a small sign that reads <b>'Please Stay off Effigy Mounds'</b>."
            },
            "geometry": {
                "type": "Point",
                "coordinates": [
                    -89.4269889200287,
                    43.0464750609615
                ]
            }
        },
        {
            "type": "Feature",
            "properties": {
                "story": [
                    {
                        "image": "img/tour6/ccc_quarry.jpg",
                        "alt": " A former quarry pit, currently overgrown, in the Wingra Woods",
                        "caption": " Photo by Gareth Baldrica-Franklin."
                    },
                    {
                        "content": "The small quarry in front of you was created by the Civilian Conservation Corps (CCC) in the 1930s, cutting through the center of a large effigy mound."
                    },
                    {
                        "content": "In the early days of the UW Arboretum, Wisconsin State Archaeologist Charles E. Brown advocated for the preservation of the mounds in Wingra Woods. While these efforts were mostly successful, Brown also oversaw the destruction of several mounds. In the late 1940s, Brown excavated a mound in Wingra Woods that contained human remains, which were extracted by Brown and his team.<sup>1</sup> At the time, Indigenous remains \u201cdiscovered\u201d by archaeologists were indefinitely held by museums, universities, and state historical societies as part of their collections.  "
                    },
                    {
                        "content": "Finally, in 1990, with the passage of the Native American Grave Protection and Repatriation Act (NAGRPA), legal mechanisms were established to protect and return Native remains, along with other sacred objects, to their respective tribal nations. In the three decades since the passage of NAGPRA, repatriation of human remains has been uneven, and the work varies greatly from institution-to-institution. According to reporting from ProPublica, as of 2024, the Wisconsin Historical Society has returned 77% of its human remains, while the UW Anthropology Department has returned 96%.<sup>2</sup> It is unclear whether or not the remains uncovered by Charles E. Brown have been returned to the Ho-Chunk Nation."
                    },
                    {
                        "sources": [
                            {
                                "note": " Charles E. Brown Collection",
                                "title": "1"
                            },
                            {
                                "link": "https://projects.propublica.org/repatriation-nagpra-database/",
                                "linkText": " Does Your Local Museum or University Still Have Native American Remains?",
                                "title": "2"
                            }
                        ]
                    }
                ],
                "name": "CCC Quarry",
                "pointOnTour": 4,
                "pk": 40,
                "tours": "tour6",
                "audio": "ccc_quarry",
                "label": null
            },
            "geometry": {
                "type": "Point",
                "coordinates": [
                    -89.4253158695275,
                    43.0466240361538
                ]
            }
        },
        {
            "type": "Feature",
            "properties": {
                "story": [
                    {
                        "image": "img/tour6/lakeside_boulders.jpg",
                        "alt": " Four small, moss-covered boulders sit next to the trunk of a tree.",
                        "caption": " Photo by Gareth Baldrica-Franklin."
                    },
                    {
                        "content": "The line of small boulders next to the walking trail marks Lake Wingra\u2019s former shoreline. Not only was the lake historically larger, but it was once surrounded on all sides by wetlands. While portions of Lake Wingra\u2019s wetlands have been preserved by the UW Arboretum, many were drained in the processes of Madison\u2019s urban development. As the marshlands were drained, several of the natural springs that fed the lake were destroyed, ultimately shrinking the lake to its current size.<sup>1</sup>"
                    },
                    {
                        "image": "img/tour6/lake_wingra_1861.png",
                        "alt": " A section of a historical survey of Madison, Wisconsin centered on Lake Wingra. The lake is horizontally oriented\u2014smaller on the left, thick in the middle, and slighly narrower on the right. The lake is surrounded on three sides by textured lines representing wetland. North of the lake, a road is emerging from darkly shaded city blocks, which represent downtown Madison.",
                        "caption": " 1861 Map depicted the former shape of Lake Wingra and its surrounding wetlands. Retrieved from <a href='https://content.wisconsinhistory.org/digital/collection/maps/id/1839/rec/13'>Wisconsin Historical Society</a>."
                    },
                    {
                        "content": "The draining of wetlands around Lake Wingra reflects a larger consequence of settler-colonialism: the destruction of Indigenous lifeways. As Kyle Whyte (Citizen Potawatomi) writes, \u201cOne of the significant forms of [Indigenous erasure is destruction of the ecosystems required for Indigenous peoples to engage in the spiritual and cultural practices that express collective self-determination.\u201d<sup>2</sup> For the Ho-Chunk, past and present, wetlands are significant sources of \u201cwild rice, reeds, ducks, muskrats, and other resources,\u201d3 with many historic villages occupying marshy areas\u2014including those across Teejop."
                    },
                    {
                        "content": "After Madison was founded by settlers, many Ho-Chunk continued to live in villages within a few miles of the city center. Because wetlands were undesirable for settler farming, they were ignored. It was only when Madison city leaders worked to transform the Yahara lakes, with the construction of a dam on Lake Mendota (W\u0105\u0105k\u0161ikhom\u012fkra), that Ho-Chunk lifeways were dramatically disrupted. As the dam raised the lake level, it flooded Ho-Chunk villages that were located in marshes.<sup>4</sup>"
                    },
                    {
                        "content": "Today, the Ho-Chunk Nation\u2014along with other tribal nations throughout Wisconsin\u2014are engaged in active wetland restoration,5 as well as legal battles to protect remaining wetlands. Most recently, the Ho-Chunk Nation, in partnership with Midwest Environmental Advocates, and Clean Wisconsin, blocked a timber company\u2019s effort to drain and fill a 16-acre wetland in Monroe County.<sup>6</sup>"
                    },
                    {
                        "sources": [
                            {
                                "note": " Charles E. Brown Collection, \u201cLake Wingra Springs\u201d",
                                "title": "1"
                            },
                            {
                                "link": "https://msupress.org/9781611862805/manoomin/",
                                "linkText": " Barbara J. Barton, Manoomin: the Story of Wild Rice in Michigan, P.71",
                                "title": "2"
                            },
                            {
                                "link": "https://uncpress.org/book/9781469673608/citizens-of-a-stolen-land/",
                                "linkText": " Stephen Kantrowitz, Citizens of a Stolen Land: A Ho-Chunk History of the Nineteenth-Century United States. P.51",
                                "title": "3"
                            },
                            {
                                "link": "https://uncpress.org/book/9781469673608/citizens-of-a-stolen-land/",
                                "linkText": " Stephen Kantrowitz, Citizens of a Stolen Land: A Ho-Chunk History of the Nineteenth-Century United States.",
                                "title": "4"
                            },
                            {
                                "link": "https://www.wisconsinwetlands.org/updates/wisconsin-tribes-leading-the-way-in-protecting-and-restoring-wetlands-and-watersheds/",
                                "linkText": " Wisconsin Tribes: Leading the way in protecting and restoring wetlands and watersheds",
                                "title": "5"
                            },
                            {
                                "link": "https://urbanmilwaukee.com/pressrelease/appeals-court-sides-with-clean-wisconsin-and-ho-chunk-nation-to-protect-rare-wetland/",
                                "linkText": " Appeals Court Sides with Clean Wisconsin and Ho-Chunk Nation to Protect Rare Wetland",
                                "title": "6"
                            }
                        ]
                    }
                ],
                "name": "Lake Wingra Boulders",
                "pointOnTour": 5,
                "pk": 41,
                "tours": "tour6",
                "audio": "lake_wingra_boulders",
                "label": null
            },
            "geometry": {
                "type": "Point",
                "coordinates": [
                    -89.4243064278568,
                    43.047795110854
                ]
            }
        },
        {
            "type": "Feature",
            "properties": {
                "story": [
                    {
                        "image": "img/tour6/big_spring.jpg",
                        "alt": " Big Spring in the Wingra Woods.",
                        "caption": " Photo by Gareth Baldrica-Franklin."
                    },
                    {
                        "content": "Big Spring is one of approximately fourteen springs that currently feed Lake Wingra, eight of which are monitored by the UW Arboretum and community partners. Springs are places where water emerges directly from the ground, typically feeding streams, or lakes. The Lake Wingra Watershed was once home to approximately 30 springs, but many have been lost due to urban development.<sup>1</sup> Today, development continues to reduce area for surface water to enter the soil, while increased levels of chlorides put the springs at risk of becoming unsafe for aquatic plants and animals. 2"
                    },
                    {
                        "content": "The historic prevalence of springs attracted Ho-Chunk people to this region. At one time, there were at least six villages around the shores of Lake Wingra. Springs are sites of spiritual and cultural significance, and each held different purposes for the Ho-Chunk. Some springs were used for healing, others used for cooking and drinking, while some springs were not used."
                    },
                    {
                        "content": "On May 19th, 1935, a group of UW-Madison students, led by Charles E. Brown, the director of the Wisconsin Historical Museum, held a dedication for the springs in Wingra Woods. During the ceremony, they used traditional Ho-Chunk names, provided by Chief Albert Yellow Thunder, to refer to each Spring.<sup>3</sup> Unfortunately, records do not list the Ho-Chunk names given to both Big Spring and Medicine Spring. Similarly, Yellow thunder provided names for springs and other natural features throughout the UW Arboretum in a letter. The names included: A-kay-pin-ee-gah (bad spring), Ma-ee-pingah (good spring), and Ma-ee-she-she-ga (undesirable water spring).<sup>4</sup> While it is unclear which springs within the UW Arboretum these names correspond to, the names were never officially adopted by the UW Arboretum. Despite this, Indigenous cartographer Margaret Pearce (Citizen Potawatomi), reminds us that Indigenous place names are often descriptive, and offer a way of \u201cbeing with time\u201d\u2014creating a direct relationship between the language and the land.<sup>5</sup>"
                    },
                    {
                        "content": "In the late 1930s, the area around Big Spring was dredged by the CCC, with large rocks placed to bolster the spring against erosion. While these efforts have at least partially ensured the spring\u2019s survival, the rocks were quarried in the nearby woods, a process which damaged at least one effigy mound."
                    },
                    {
                        "content": "In recent years, Big Spring has been In recent years, Big Spring has been damaged and disrupted by people walking in and around them, either from going off-trail or going ashore from small watercraft like canoes, kayaks, and paddleboards. The UW Arboretum has experimented with native planting in attempt to deter passersby from tampering with the fragile area. The destruction of springs around the lake is a consequence of an extractive, settler-colonial relationship to the land. When land is considered a resource with no intrinsic value, relationships between people, land, and all of the land\u2019s other inhabitants are actively ignored. While the UW Arboretum springs have been protected, they are still vulnerable to processes outside of the UW Arboretum\u2019s bounds."
                    },
                    {
                        "sources": [
                            {
                                "link": "https://www.lakewingra.org/the-springs-of-the-lake-wingra-watershed",
                                "linkText": " The Springs of the Lake Wingra Watershed",
                                "title": "1"
                            },
                            {
                                "link": "https://arboretum.wisc.edu/news/arboretum-news/arboretum-and-community-partners-discuss-salt-contamination-in-lake-wingra/",
                                "linkText": " Arboretum and Community Partners Discuss Ways to Reduce Salt Contamination in Lake Wingra",
                                "title": "2"
                            },
                            {
                                "note": " Charles E. Brown Collection, \u201cChristening the Arboretum Springs\u201d ",
                                "title": "3"
                            },
                            {
                                "link": "https://www.tandfonline.com/doi/full/10.1179/1743277414Y.0000000078",
                                "linkText": " Margaret Pearce, The Last Piece is You",
                                "title": "4"
                            },
                            {
                                "note": " Charles E. Brown Collection, \u201cPlace Names at the Arboretum, furnished at my request by Chief Yellow Thunder.\u201d",
                                "title": "5"
                            }
                        ]
                    }
                ],
                "name": "Big Spring",
                "pointOnTour": 6,
                "pk": 42,
                "tours": "tour6",
                "audio": "big_spring",
                "label": null
            },
            "geometry": {
                "type": "Point",
                "coordinates": [
                    -89.42775562466,
                    43.047671486357
                ]
            }
        },
        {
            "type": "Feature",
            "properties": {
                "story": [
                    {
                        "image": "img/tour7/parking_lot.jpg",
                        "alt": " The parking lot next to the Henry Vilas Zoo",
                        "caption": " Photo by Gareth Baldrica-Franklin."
                    },
                    {
                        "content": "Land holds stories. Stories we tell ourselves, stories we share with others, stories that connect ancestors with generations yet to come, stories that remind us, who we are. These stories, often rooted deeply in the past, are also a reflection of our value systems, including the ways we create and preserve knowledge.  "
                    },
                    {
                        "content": "The land that encompasses and surrounds Henry Vilas Park is a microcosm of sorts \u2013 a place that offers opportunities to think about different ways of knowing and different ways of being on a smaller scale, reflective of the larger world around us. A place to think about knowledge production and power dynamics rooted in place. This walking tour, then, aims to create moments of reflection, moments to think about Vilas Park through a different lens. Moments to think about the entanglements of knowledge and power. "
                    },
                    {
                        "content": "Here, in the heart of Madison, surrounded by lush greenery, we are in the midst of a carefully curated environment. This environment, the park and beyond, has been shaped over the last two centuries by a Western knowledge system that arrived with US colonialism, including the desire to control the landscape for perceived maximum benefit. Over time, this has looked like the creation of park space across the US \u2013 city parks like Vilas Park, state parks like Blue Mound, and national parks like Yellowstone and Yosemite.  "
                    },
                    {
                        "content": "With the arrival of new, different knowledge systems, the stories that had long been told about, and embedded in this land, for thousands of years by Ho-Chunk people and their ancestors shifted. Over time, the deeply held Indigenous knowledge of and in this place, based in relationality, was eclipsed by a Western knowledge system brought by non-Native settlers arriving to Teejop. But the Indigenous knowledge never went away. It has been preserved, shared, and cared for. Today, we are finding ways to reconcile Indigenous knowledge systems and Western knowledge systems.  "
                    },
                    {
                        "content": "As you meander through Vilas Park, we encourage you to reflect on what is written on the landscape through what is seen and not seen through park design, open space, plaques and signage, the way space is cared for, access to the park for different people, how the park space is used and by whom, and what surrounds the park. Think about your relationship to this land, the ways you value the shared land around us, and how you have come to know the land that surrounds you. What stories do you know about this land? What knowledge and power systems shape your relationship to this land? How are you accountable to this land?"
                    }
                ],
                "name": "Zoo Parking Lot",
                "pointOnTour": 1,
                "pk": 43,
                "tours": "tour7",
                "audio": "vilas_park_parking_lot",
                "label": "Begin the tour at the <b>main zoo parking lot</b>."
            },
            "geometry": {
                "type": "Point",
                "coordinates": [
                    -89.4106722991969,
                    43.0613425495116
                ]
            }
        },
        {
            "type": "Feature",
            "properties": {
                "story": [
                    {
                        "image": "img/tour7/park_overlook.jpg",
                        "alt": " A view of Vilas Park, including a field, a playground, and the Old Woman in a Shoe Slide",
                        "caption": " Photo by Gareth Baldrica-Franklin."
                    },
                    {
                        "content": "As you look out over Henry Vilas Park, you might see people walking the paths and children on swings or using the Old Woman in a Shoe slide, built in 1962. Perhaps there are people playing sports or bicyclists riding on the far end of the park. The stretch of some 45 acres of public land that constitute Vilas Park are certain to be occupied, especially in the warmer months, as local neighbors and other Madison residents take advantage of the city park for its greenery, its proximity to Lake Wingra, and the Henry Vilas Zoo. As a space for community recreation and leisure activities, Vilas Park has represented the public good of park developments since its earliest days. "
                    },
                    {
                        "content": "One of Madison\u2019s oldest parks, Vilas Park was designed through the behest of the Madison Park and Pleasure Drive Association (MPPDA).<sup>1</sup> The park\u2019s origins began in 1904, when Senator William Freeman Vilas and Anne Vilas purchased 25 acres of land for $18,000 for the development of a public park along Lake Wingra, named after their late son, Henry. The land was \u201cbeautifully located and admirably adapted for park purposes\u201d and was deemed an excellent site for Madison\u2019s second MPPDA park. Contingent upon the Vilas\u2019s donation, however, was the drastic \u201cimprovement\u201d to the natural landscape to make it suitable for recreation, including boating 2."
                    },
                    {
                        "image": "img/tour7/vilas_park_plan.jpg",
                        "alt": " A 1906 map outlining the original plan for Vilas Park. The plan is in black and white, and shows a ring road around a central field and lagoon. Lake Wingra is labeled at the bottom of the map.",
                        "caption": " Plan for Vilas Park, 1906, by O.C. Simonds. Photo from the Madison Park and Pleasure Drive Association Annual Report, 1906."
                    },
                    {
                        "content": "Vilas Park aligned with broader urban planning ideals known as the City Beautiful movement. Driven by worry about rapid industrialization and increased population density in urban areas and largely championed by wealthy Americans, the City Beautiful movement articulated a need for conscientious urban planning that supported diverse projects to improve the quality of urban life. Among these projects were the establishment of public parks, parkways, and altered shorelines. These public lands projects purported to benefit society at large. After all, the idea of accessible, shared green space that belongs to everyone is, on the surface, a generally good idea.  "
                    },
                    {
                        "content": "For Indigenous peoples, however, the creation of public lands disrupts their access to homelands and sacred sites. A city park may not seem like such a big deal, the benefits outweighing, perhaps, the costs. But restructuring human relations to a place, such as Vilas Park, alienates Indigenous belonging to that particular place. By working to \u201cimprove\u201d lands for the creation of public space, Ho-Chunk practices on and of these lands (including land management of this area\u2019s natural wetlands) were foreclosed. While City Beautiful urban planning sought to improve lands in accordance with settler colonial Progressive Era preferences, the question of accessibility remained for Indigenous and non-Indigenous peoples alike. Who was allowed to use public space like Vilas Park? And for what purpose? What was permissible? What was figuratively or literally criminal? These questions remain just as pertinent today as they did in the early 20th century."
                    },
                    {
                        "sources": [
                            {
                                "link": "https://lakeshorepreserve.wisc.edu/visit/places/madison-park-and-pleasure-drive-association/",
                                "linkText": " Madison Park and Pleasure Drive Association",
                                "title": "1"
                            },
                            {
                                "link": "https://search.library.wisc.edu/digital/AKHED365UAMEQM8R",
                                "linkText": "  Reports of the Madison Park and Pleasure Drive Assocation, 1904.",
                                "title": "2"
                            }
                        ]
                    }
                ],
                "name": "Park Overlook",
                "pointOnTour": 2,
                "pk": 44,
                "tours": "tour7",
                "audio": "park_overlook",
                "label": "Travel down the walking path past the playground."
            },
            "geometry": {
                "type": "Point",
                "coordinates": [
                    -89.4116739949913,
                    43.060937725885
                ]
            }
        },
        {
            "type": "Feature",
            "properties": {
                "story": [
                    {
                        "image": "img/tour7/bridge.jpg",
                        "alt": " A concrete bridge stretching over a lagoon.",
                        "caption": " Photo by Gareth Baldrica-Franklin."
                    },
                    {
                        "content": "Walking through Henry Vilas Park today, we see layers of meaning and memory visible on the landscape. One layer is composed of wayfinding signs, plaques, markers, paths, and bridges built throughout the 20th century as public \u201cimprovement.\u201d These tangible elements are meant to interpret our experience of the landscape for us, inform how we imagine reality, situate, honor, and commemorate history in particular ways. Other, less visible, but no less present layers are signals of the ancestors of Ho-Chunk people and the changed local ecologies they managed, honored, and shaped.  "
                    },
                    {
                        "content": "You will notice the signage on the recently rebuilt footbridge takes a very particular Western form. The bridge is not only a piece of infrastructure, it is a carrier of recognition for those who financed its construction. During your walk you have seen or will see several plaques dedicated to William Vilas, commemorating his personal and professional legacies, including the bronze tablet near the main park shelter. You may read signs telling the story of the parks post-settler development, and the signs commemorating Madisonian Olympic speed skaters who practiced on the lagoon."
                    },
                    {
                        "image": "img/tour7/vilas_plaque.jpg",
                        "alt": " A plaque depicting William Vilas. The plaque text reads: 'This park was a gift to the Madison Park and Pleasure Drive Association to be held in trust for the City of Madison by Colonel William Freeman Vilas and Anna M. Vilas in 1904. At their request, the park was named Henry Vilas Park in memory of their son who died of diabetes in his early twenties. The park includes 60 acres",
                        "caption": " twenty-five of high ground and 35 acres constructed out of the bog. The latter includes foud acres of water surface in the form of lagoons. The park was designed by landscape architext O.C. Simonds. The park houses the Henry Vilas Zoo which began in 1911 with the donation of five deer by Thomas C. Richmond. In the ensuing years numerous contributions from the City of Madison, the Zoological and Aquarium Society, the University, the Audobon Society, and the Community have provided for its expansion and recognition as one of the finest small zoos in country.'"
                    },
                    {
                        "content": "This type of memorial practice is connected to the political, economic, and social priorities of a particular culture, but not the only culture present here. The practice marks those who gave money, including those with political power, and what types of causes were given permanence in public history. Often absent from the curated park signage is the shifting physical history of this land and the ways Ho-Chunk people, who long inhabited this area and whose descendants are connected with this place today, used and cared for this environment.  "
                    },
                    {
                        "content": "Following Western forms of public history, there is a bronze plaque identifying one group of \u201cIndian Mounds\u201d elsewhere in the park, near the Erin Street entrance. This plaque, placed by the Wisconsin Historical Society in 1914, was part of a campaign to mark mound sites across the state; it also marks the thinking of its time. This plaque and others were originally located directly atop burial mounds, encouraging visitors to climb the mound to read it. In recognizing the inappropriate plaque placement, the City of Madison moved the concrete base and relocated the plaque off of the mound. Today, across the state, similar plaques are being removed and their intentions and impacts reconsidered. As new signage is installed, it is being led by Tribal nations and Tribal Historic Preservation Officers to ensure interpretation is respectful of the mounds as sacred places."
                    },
                    {
                        "image": "img/tour7/erin_street_mounds.jpg",
                        "alt": " A Menominee woman is standing behind a small plaque attatched to a rock embedded in the ground. There are two American flags on either side of her. A row of trees is in the distance. The photo is in sepia.",
                        "caption": " Picture of the Sara Mallon (Menominee) by the Vilas Park Mound Group memorial plaque, up by the Erin Street Entrance, in 1914. The photo was taken during the Fourth Annual Conference of the Society of American Indians."
                    },
                    {
                        "content": "As you walk, consider what is both said and not said on markers. Pay attention to absence of Indigenous voices and the lack of a full, complex, history of place and space. What are the worldviews and knowledge systems that define this space in radically different ways? What does signage tell us about political influence and power and how does that contrast with the presence of Indigenous mounds throughout this area? What does park design tell us about visibility and permanence, narrative and authorship, purpose and experience? "
                    }
                ],
                "name": "Lagoon Bridge",
                "pointOnTour": 3,
                "pk": 45,
                "tours": "tour7",
                "audio": "lagoon_bridge",
                "label": "Continue down the path to the entrance of the <b>bridge to the lagoon island</b>."
            },
            "geometry": {
                "type": "Point",
                "coordinates": [
                    -89.4130010686659,
                    43.0601228585349
                ]
            }
        },
        {
            "type": "Feature",
            "properties": {
                "story": [
                    {
                        "image": "img/tour7/lake_wingra.jpg",
                        "alt": " A view across Lake Wingra.",
                        "caption": " Photo by Gareth Baldrica-Franklin."
                    },
                    {
                        "content": "The Lake Wingra shoreline today bears little resemblance to the shoreline that existed 150 years ago. Back then, Lake Wingra was surrounded by wetland on all sides, watery transition zones between lake water and dry land. Lake Wingra and its wetlands were important for the Ho-Chunk, who made camps and villages nearby. Because it was smaller, and spring fed, Lake Wingra was always more nutrient rich than the other Yahara Lakes, supporting a wide variety of life. Ho-Chunk people gathered wild rice and celery, hunted duck, fished, and continued to do so into the late 19th century\u2014despite the encroachment of Madison. However, it wasn\u2019t until the landscape of the city was dramatically transformed that Ho-Chunk ability to sustain themselves here became impossible.<sup>1</sup>"
                    },
                    {
                        "content": "The disruption of lifeways is a key component of how Kyle Whyte (Citizen Potawatomi) describes settler colonialism: \u201ccomplex social processes in which at least one society seeks to move permanently onto the terrestrial, aquatic, and aerial places lived in by one or more other societies who derive economic vitality, cultural flourishing, and political self-determination from the relationships they have established with the plants, animals, physical entities, and ecosystems of those places.\u201d<sup>2</sup> In the case of Lake Wingra, wetlands proved the settler city\u2019s biggest target, and many were drained throughout the second half of the 19th century."
                    },
                    {
                        "image": "img/tour7/lake_wingra_pre_vilas.jpg",
                        "alt": " Old photo of marshy grasses interspersed with pools of water, with Lake Wingra in the distance, and trees beyond.",
                        "caption": " Photo of the Lake Wingra wetlands pre-1904, prior to the construction of the Vilas Park Lagoon and Islands."
                    },
                    {
                        "content": "The wetlands of Lake Wingra were not alone. Across the U.S., wetlands were considered \u201cunproductive\u201d land, a nuisance preventing Western farming. In contrast to Indigenous land management, which often involves consideration of the complex interrelationships between different forms of life, Western management is premised on domination and transformation of the landscape. The Swamp Land Act of 1850 authorized the transfer of federally-owned wetlands\u2014taken from Tribal nations\u2014to states who would agree to drain the land and convert it to \u201cproductive\u201d farmland. There was no consideration of Tribal presence on defined swamp parcels, even if they existed on reservations, or unceded territory. The University of Wisconsin system acquired free parcels under the Swamp Land Act, and sold many of them to build their endowment, although the UW-system still owns over 90,000 acres.<sup>3</sup>"
                    },
                    {
                        "content": "Legislation like the Swamp Land Act, and the draining of Lake Wingra\u2019s wetlands, reflected a broader Western relation towards land. That is, an understanding of land based solely on its extracted value. Wetlands were considered unproductive because they could not support the kinds of agriculture practiced by settlers and were generally impediments to other forms of extraction\u2014such as logging or mining\u2014and also recreation. These Western land relations created particular kinds of space for particular purposes, and for the benefit of particular kinds of people. Namely, white settlers."
                    },
                    {
                        "image": "img/tour7/vilas_park_1950s.jpg",
                        "alt": " A large number of people lounging on the field and beach next to Lake Wingra on a sunny day.",
                        "caption": " Postcard depicting Vilas Park in 1954."
                    },
                    {
                        "content": "As you walk along the Lake Wingra shoreline, consider who has benefitted from the draining of the wetlands. How have Indigenous lifeways been altered by the draining of wetlands? How do systems of power shape decisions to drain wetlands and alter the natural environment?"
                    },
                    {
                        "sources": [
                            {
                                "link": "https://uncpress.org/book/9781469673608/citizens-of-a-stolen-land/",
                                "linkText": " Stephen Kantrowitz, Citizens of a Stolen Land: A Ho-Chunk History of the Nineteenth-Century United States.",
                                "title": "1"
                            },
                            {
                                "link": "https://www.researchgate.net/publication/312040136_The_Dakota_Access_Pipeline_Environmental_Injustice_and_US_Colonialism",
                                "linkText": " Kyle Powys White, \u201cThe Dakota Access Pipeline, Environmental Injustice, and U.S. Colonialism\u201d.",
                                "title": "2"
                            },
                            {
                                "link": "https://wisconsinexaminer.com/2024/02/15/uw-schools-benefit-financially-from-thousands-of-acres-of-former-tribal-land/",
                                "linkText": " Henry Redman, \u201cUW schools benefit financially from thousands of acres of former tribal land\u201d.",
                                "title": "3"
                            }
                        ]
                    }
                ],
                "name": "Lake Wingra",
                "pointOnTour": 4,
                "pk": 46,
                "tours": "tour7",
                "audio": "lake_wingra",
                "label": null
            },
            "geometry": {
                "type": "Point",
                "coordinates": [
                    -89.4138869670025,
                    43.0579702638101
                ]
            }
        },
        {
            "type": "Feature",
            "properties": {
                "story": [
                    {
                        "image": "img/tour7/lagoon.jpg",
                        "alt": " View of the Vilas Lagoon from a stone bridge.",
                        "caption": " Photo by Gareth Baldrica-Franklin."
                    },
                    {
                        "content": "While wetlands throughout Wisconsin were largely drained for agriculture, that is not the case for Lake Wingra and the Vilas Park area. The lake\u2019s wetlands were not drained for farmland, but rather for recreation. When the land for Vilas Park was donated in 1904, it was done so on two conditions, one was that there would never be an admission fee for entrance to the park, and the second, that \u201cwithin two years, cause a waterway to be constructed, between Lakes Monona and Wingra.\u201d<sup>1</sup> In other words, Vilas Park was always premised on the transformation of the environment.  "
                    },
                    {
                        "content": "Soon after the land\u2019s purchase, architect O.C. Simonds developed a plan for the park, which involved the filling of wetlands on the edges of Lake Wingra to create a recreational meadow. To do so, in a process known as \u201ccut and fill,\u201d sand from the bottom of the lake was dredged and redirected over the wetland\u2014transforming it into dry land. Ultimately, 40.<sup>3</sup> acres of wetland were filled to create Vilas Park, meaning much of the peninsular area of Vilas Park today, and some of the meadow, are former wetlands. These processes also destroyed five natural springs, springs that were culturally significant to the Ho-Chunk.<sup>2</sup>"
                    },
                    {
                        "image": "img/tour7/dredging.jpg",
                        "alt": " Old photo of a distant dredge boat performing cut-and-fill operations on Lake Wingra.",
                        "caption": " Photo of the Lake Wingra's wetlands being dredged in 1904. Photo from the Madison Park and Pleasure Drive Annual Report, 1905."
                    },
                    {
                        "content": "Therefore, the creation of Vilas Park\u2014and the broader transformation of Lake Wingra\u2014was a direct trade-off with the destruction of Ho-Chunk lifeways, a manifestation of settler colonialism. The transformation of the land for recreation meant that only recreation was allowed."
                    },
                    {
                        "content": "Today, Vilas Park exists due to these and other specific management decisions made by the City of Madison Parks Division as the land was transformed to fit its intended recreational purpose. As you walk over the drained and filled wetland, consider what this landscape may have looked like in 1800, prior to Euro-American settlement, with Ho-Chunk families camped around the shoreline. What might this landscape look like 150 years in the future?"
                    },
                    {
                        "sources": [
                            {
                                "link": "https://digital.library.wisc.edu/1711.dl/CXAZFSTZNOTFO83",
                                "linkText": " Reports of the Madison Park and Pleasure Drive Assocation, 1905.",
                                "title": "1"
                            },
                            {
                                "link": "https://minds.wisconsin.edu/bitstream/handle/1793/68292/Bodden%20Elmer%20Mclester%20Perry.pdf?sequence=1",
                                "linkText": " Matthew Bodden, Holly Elmer, Caitlin Mclester, Rebecca Perry, 'Lake Wingra: Changing Perceptions and Land-Use Decisions of Madison Wetlands.'",
                                "title": "2"
                            }
                        ]
                    }
                ],
                "name": "Vilas Lagoon",
                "pointOnTour": 5,
                "pk": 47,
                "tours": "tour7",
                "audio": "vilas_lagoon",
                "label": "Walk along the Lake Wingra shoreline until you reach the bridge over the entrance to the <b>lagoon</b>."
            },
            "geometry": {
                "type": "Point",
                "coordinates": [
                    -89.4170583150829,
                    43.0590795249829
                ]
            }
        },
        {
            "type": "Feature",
            "properties": {
                "story": [
                    {
                        "image": "img/tour7/edgewood_drive_entrance.jpg",
                        "alt": " A brown wooden sign is nestled within a group of trees. The sign reads: 'Edgewood Drive: Park and Pleasure Drive, Trucks Prohibited.'",
                        "caption": " Photo by Gareth Baldrica-Franklin."
                    },
                    {
                        "content": "Like Henry Vilas Park \u2013 created through the Vilas\u2019s 1904 donation \u2013 Edgewood University\u2019s land, which borders Vilas Park, entered the civic landscape through elite philanthropy. Former Wisconsin governor, Cadwallader Washburn, gave his Edgewood Villa on Lake Wingra for educational use, establishing the campus from which today\u2019s Edgewood institutions grew. The same park association that developed Vilas Park created Edgewood Drive, literally stitching these \u201cdonated\u201d landscapes into Madison\u2019s parkway system. Read together, the Vilas and Washburn gifts show how private wealth and political power took control of and shaped the physical commons of Madison\u2019s white settlers. Philanthropy thus functioned as a decision-making mechanism for land-use that directed public access, circulation, and institutional growth for generations."
                    },
                    {
                        "image": "img/tour7/pleasure_drive.jpg",
                        "alt": " An old photo of a dirt road curving through a copse of trees.",
                        "caption": " Pleasure Drive at Vilas Park, 1913."
                    },
                    {
                        "content": "Edgewood Drive, which runs along the lake side of Edgewood University, limits the public to non-vehicular traffic, but was once part of Madison\u2019s \u201cpleasure drive\u201d system\u2014a project that curated and staged nature as scenic escape for those with the means to access vehicles. A common civic arrangement throughout the U.S. at the turn of the century, entities like the Madison Park and Pleasure Drive Association (MPPDA) raised funds to create routes such as Edgewood Drive, where urban residents could experience a vision of nature without physically engaging with it. Here, the mounds created by Ho-Chunk ancestors were appropriated as aesthetic features of the drive, contributing to the popular \u201cvanishing Indian\u201d narrative of the time.<sup>1</sup> Yet these mounds link human communities to their spiritual beliefs, marking this land as sacred, not scenic. Thus, these drives, celebrated as recreational amenities, legitimized the displacement of Native peoples by recasting the land as unpeopled or unproductive, thereby justifying dispossession for settler leisure.  "
                    },
                    {
                        "content": "Indigenous dispossession for settler leisure is juxtaposed by the fact that these mounds, and the others across this region, were well-documented and recognized as culturally significant to Ho-Chunk people by the turn of the 20th century. It is likely that many of those who accessed Madison\u2019s pleasure drive system, and Vilas Park, were similarly aware. This underscores a broader structural pattern in which white settlers recognize the cultural significance of Indigenous landmarks, yet such knowledge was and continues to be treated as secondary to settler-society pursuits."
                    },
                    {
                        "sources": [
                            {
                                "link": "https://edgeeffects.net/madison-park-and-pleasure-drive-history/",
                                "linkText": " Kassia Krzus-Shaw, 'Unearthing the Complex Histories of Madison Parks'",
                                "title": "1"
                            }
                        ]
                    }
                ],
                "name": "Edgewood Drive Entrance",
                "pointOnTour": 6,
                "pk": 48,
                "tours": "tour7",
                "audio": "edgewood_drive_entrance",
                "label": "Travel up the sidewalk to the entrance of <b>Edgewood Drive</b>."
            },
            "geometry": {
                "type": "Point",
                "coordinates": [
                    -89.4177401125893,
                    43.0595260001124
                ]
            }
        },
        {
            "type": "Feature",
            "properties": {
                "story": [
                    {
                        "image": "img/tour7/edgewood_drive.jpg",
                        "alt": " A paved road with trees on either side.",
                        "caption": " Photo by Gareth Baldrica-Franklin."
                    },
                    {
                        "content": "The paved path \u2013 pleasure drive - skirts the grounds of a particular type of university, a Catholic institution that has emphasized the sacred character of its campus since the Dominican Sisters founded it in the 1920s. Chapels, shrines, and the framing of the lakeshore as a site of retreat reinforce Edgewood\u2019s role as a place of spiritual formation. This is countered by the effigy and conical mounds that have survived development along Edgewood Drive - earthworks with cultural and spiritual significance for Ho-Chunk people that long predates the Catholic presence."
                    },
                    {
                        "image": "img/tour7/edgewood_mounds.jpg",
                        "alt": " A plaque attached to a concrete block sits atop an effigy mound. A man in a suit stands to the right of the mound.",
                        "caption": " Photo of former Wisconsin State Archaeologist Charles E. Brown standing atop a mound on Edgewood Drive, 1939."
                    },
                    {
                        "content": "Once again, we encounter a juxtaposition on the landscape \u2013 the layered, and conflicting, claim to place. Edgewood University was founded by the Dominican Sisters of Sinsinawa, who take their name from \u201cSinsinawa Mound,\u201d a natural limestone hill in southwestern Wisconsin which holds significance to many Tribal nations of the region.<sup>1</sup> In Madison, the Sisters established what would become Edgewood University, a campus that includes and is surrounded by networks of effigy and conical mounds. The construction of the campus, including modern expansions made prior to the 1990s, led to the destruction of several mounds.<sup>2</sup> The Vilas Park mound group and Edgewood University represent distinct relationships between people and the land, relationships framed by different value and knowledge systems. In recognition of Edgewood\u2019s occupation of Ho-Chunk lands, the University established a land recognition statement in 2018, shared on its website with additional resources on mound care and stewardship.<sup>3</sup>"
                    },
                    {
                        "content": "Vilas Park and Edgewood Drive continue to function as scenic and recreational places that effectively veil their profound manufacture. Here, the cultural landscapes of Madison\u2019s public parks and Edgewood University eclipse the sacred presence of the mounds in the public imagination. Standing here today, we ask you to see more than landscape design: to recognize assumptions about what is here and what preservation means within vastly different worldviews."
                    },
                    {
                        "sources": [
                            {
                                "link": "https://edgeeffects.net/nuns-farmers-enchantment-at-sinsinawa-mound/",
                                "linkText": " Margaux Crider, 'Nuns, Farmers, and Enchanted Earth at the Sinsinawa Mound'",
                                "title": "1"
                            },
                            {
                                "link": "https://www.cityofmadison.com/dpced/planning/documents/104_855WoodrowStreet.pdf",
                                "linkText": " City of Madison Landmarks Commissionm, Landmark and Landmark Sites Nomination Form",
                                "title": "2"
                            },
                            {
                                "link": "https://www.edgewood.edu/about/mission-vision-values/diversity-and-inclusion/land-recognition-native-mounds/",
                                "linkText": " Preserving the Legacy: Efforts to Protect and Celebrate the Historical Mounds",
                                "title": "3"
                            }
                        ]
                    }
                ],
                "name": "Edgewood Drive",
                "pointOnTour": 7,
                "pk": 49,
                "tours": "tour7",
                "audio": "edgewood_drive",
                "label": "Travel down <b>Edgewood Drive</b> to the edge of the treeline."
            },
            "geometry": {
                "type": "Point",
                "coordinates": [
                    -89.418143728531,
                    43.0592732342313
                ]
            }
        },
        {
            "type": "Feature",
            "properties": {
                "story": [
                    {
                        "image": "img/tour7/vilas_neighborhood.jpg",
                        "alt": " A view of a crosswalk stretching over a paved road and onto a sidewalk. There are trees and houses in the distance.",
                        "caption": " Photo by Gareth Baldrica-Franklin."
                    },
                    {
                        "content": "In 1889 when the Vilas Neighborhood (also the Wingra Park Historic District on the National Register of Historic Places) was originally platted, non-Native settlers entered an already thriving ecosystem that had been managed by Ho-Chunk people and their ancestors for thousands of years. The building of the city\u2019s first suburb represented the expansion of Madison\u2019s urban hub, a fact precipitated by increased population density and strain on the isthmus at turn of the century.<sup>1</sup> Yet such expansion did not occur on \u201cvirgin land.\u201d"
                    },
                    {
                        "image": "img/tour7/jefferson_st_mounds.jpg",
                        "alt": " A simple schematic map showing the intersection between Jefferson St. and Lincoln St, with four black circles in the upper left of the map. The circles are in a row, and represent conical effigy mounds.",
                        "caption": " Map of mounds on the intersection of Jefferson St. and Lincoln St."
                    },
                    {
                        "content": "The concept of \u201cvirgin land\u201d \u2013 purportedly unused and unclaimed \u2013 has been used throughout the course of colonization to diminish Indigenous land claims. While there are political impetus behind the idea of unused lands, ripe for settlement and city expansion, there are also the conterminous consequences of erasure of both Indigenous history and ongoing presence. The erasure of Indigenous past and presence occurs across the country in every state, across rural, suburban, and urban spaces. But it is the development of cities and suburbs, so often built upon densely populated Indigenous places, where Indigenous erasure is often the most stark. The processes that facilitated the building of the Vilas Neighborhood also positioned Ho-Chunk history and existing relationship to the Lake Wingra area as both ancient and inconsequential in the face of Madison expansion. "
                    },
                    {
                        "content": "Though early settlers called Lake Wingra the \u201cdead lake,\u201d it was far from dead, nor was it uncared for or unused. Sometimes considered the \u201cfifth lake,\u201d Lake Wingra has always been connected to Teejop through an intricate web of relationships maintained by complex constellations of village sites, sacred places, land trails, and waterways. Ho-Chunk ancestors cared for this space, as is evidenced by the village sites around the lake (including in what is today the UW Arboretum) and by the careful building of effigy and conical mounds. As former state archaeologist Robert A. Birmingham has noted, this area was once home to hundreds of mounds, marking Wingra as a deeply significant and spiritual place. This history was not unknown to non-Natives. Alongside contemporary Ho-Chunk peoples who continued to live in Teejop, surveying that began in the 1850s established much of the written documentation that reveals how widespread the destruction of this Ho-Chunk landscape was.<sup>2</sup>"
                    },
                    {
                        "image": "img/tour7/dividing_ridge.jpg",
                        "alt": " Effigy mounds on the dividing ridge that used to separate Lakes Monona and Wingra.",
                        "caption": " Effigy mounds on the former dividing ridge between Lakes Wingra and Monona, pre-1920. Retrieved from the Charles E. Brown Collection."
                    },
                    {
                        "content": "While ancestral histories of the Ho-Chunk Nation might be considered temporally ancient, Lake Wingra remained and remains a place of great importance. When the Wingra Park neighborhood was built, often by destroying mounds, it represented a significant physical shift for the area. The rapid urbanization of Madison was made possible by the dismantling of the seventy-foot-high, half mile long Dividing Ridge at the turn of the 20th century. The Dividing Ridge, a glacial deposit between Lake Wingra and Monona Bay, was also home to numerous mounds; the quarrying of the ridge for sand and gravel facilitated the further development of houses. Ho-Chunk design, which relied upon the landscape\u2019s natural features, was steadily replaced with grids of privatized lots. While this was occurring the late 19th and early 20th centuries, Ho-Chunk people continued to live around Lake Wingra as late as 1910.<sup>3</sup> Ho-Chunk presence often caused conflict as they continued to live, fish, hunt, and harvest as best they could in accordance with long held practices. "
                    },
                    {
                        "content": "As you look over the Vilas and Wingra neighborhoods, consider how Ho-Chunk history has often been depicted as ancient history, part of the \u201cprehistory\u201d of this place. Such suppositions erase Ho-Chunk relationships to this area and the ancestral knowledges that have been put into practice for generations. What does it mean to physically and metaphorically erase Indigenous histories on the lands upon which we live? How does the knowledge of long Indigenous histories change we might interact with and impact the land? What might it look like to recognize these histories all around us?"
                    },
                    {
                        "sources": [
                            {
                                "link": "https://www.wisconsinhistory.org/Records/NationalRegister/NR1939",
                                "linkText": " National Register of Historic Places, \u201cWingra Park Historic District.\u201d",
                                "title": "1"
                            },
                            {
                                "link": "https://search.library.wisc.edu/catalog/9914617522802121",
                                "linkText": " Robert A. Birmingham, Spirits of the Earth: The Effigy Mound Landscape of Madison and the Four Lakes. P.147-160",
                                "title": "2"
                            },
                            {
                                "link": "https://search.library.wisc.edu/catalog/9914617522802121",
                                "linkText": " Robert A. Birmingham, Spirits of the Earth: The Effigy Mound Landscape of Madison and the Four Lakes. P.147",
                                "title": "3"
                            }
                        ]
                    }
                ],
                "name": "Vilas Neighborhood",
                "pointOnTour": 8,
                "pk": 50,
                "tours": "tour7",
                "audio": "vilas_neighborhood",
                "label": null
            },
            "geometry": {
                "type": "Point",
                "coordinates": [
                    -89.4121981670777,
                    43.0619583759494
                ]
            }
        },
        {
            "type": "Feature",
            "properties": {
                "story": [
                    {
                        "image": "img/tour7/bear_mound.jpg",
                        "alt": " A view of the edge of Bear Mound Park.",
                        "caption": " Photo by Gareth Baldrica-Franklin."
                    },
                    {
                        "content": "<i>Note: if you choose to go into the park, please be careful to stay on mowed paths and off the mounds themselves.</i>"
                    },
                    {
                        "content": "As you approach Bear Mound, you\u2019ll notice the distinct hill, covered in mature trees and lush green grasses, located within the quiet neighborhood of older, stately homes. In many ways, it feels out of place. In reality, Bear Mound is where it has always belonged.  "
                    },
                    {
                        "content": "Placed on the National Registrar of Historic Places in late 1974 and designated a City of Madison Landmark in 1975, archeological evidence tells us the Bear Mound effigy dates back to ~700-1200 AD. Based on the location of Bear Mound, within Teejop, we know it was created by ancestors of today\u2019s Ho-Chunk people. Bear Mound, which is largely intact, reminds us, as visitors to these Ho-Chunk homelands, of the significance of this place \u2013 a place marked by waterways that facilitated Tribal relations, trade, diplomacy, and rich lifeways that relied on care and relationality for and with the land around us."
                    },
                    {
                        "image": "img/tour7/mound_eclipse.jpg",
                        "alt": " A view atop Bear Mound park in Winter at sunset, with the orange light peeking through the silhouettes of trees.",
                        "caption": " A sunset view of the Bear Mound Park, taken in Winter. Photo from Larry Johns."
                    },
                    {
                        "content": "Though many of the mounds that marked this land \u2013 across all of southern Wisconsin \u2013 for thousands of years have been destroyed by non-Native settlement and development over the last two hundred years, those that remain, like Bear Mound, offer opportunities to think more deeply about place, power, knowledge, and cultural resources.  "
                    },
                    {
                        "content": "Today, Bear Mound, and other mounds within City of Madison parks are cared for and \u201cmaintained\u201d in consultation with the Ho-Chunk Nation. As a sovereign nation, the Ho-Chunk Nation has the ability to create their own policies around cultural resources and cultural knowledge, including mounds. Like many other Tribal nations, the Ho-Chunk Nation has a Tribal Historic Preservation Officer (THPO) who works with municipalities as well as state and federal officials to determine proper care and stewardship of cultural resources, like mounds, including those in public spaces. Across the state of Wisconsin, all burial sites, including mounds, and those located on private property, are protected under Wisconsin State Statute 157.<sup>7</sup>0."
                    },
                    {
                        "image": "img/tour7/save_the_mounds.jpg",
                        "alt": " A Ho-Chunk woman speaking to a crowd of protesters",
                        "caption": " A rally against a proposed Wisconsin State Assembly bill in 2016 that would allow the destruction of effigy mounds. View is from behind Ho-Chunk Nation citizen Joanne Jones. Photo from the Wisconsin Historical Society."
                    },
                    {
                        "content": "Bear Mound, then, is a demonstration of what Tribal sovereignty \u2013 the ability of Tribal nations to govern without outside interference \u2013 can look like today. The political relationship that exists between the Ho-Chunk Nation, the City of Madison, and the State of Wisconsin is a reminder of the strength and endurance of Tribal nations as they work to protect their cultural resources and cultural knowledge for generations yet to come.  "
                    },
                    {
                        "content": "Standing at Bear Mound offers each of us a chance to reflect on both the history of this land and the future of this land. What can we learn from the mounds \u2013 an enduring symbol of relationality with the land, with ancestors, with our ways of being and knowing? What can we learn from how we interact with and care for this land? What can we learn from Tribal nations who continue to advocate for this land, even though they were forced away from it? What can Tribal sovereignty teach us about our own systems of governance? What can the creation of a city park, around an effigy mound, tell us about our culture(s) and our value system(s)?  "
                    }
                ],
                "name": "Bear Mound",
                "pointOnTour": 9,
                "pk": 51,
                "tours": "tour7",
                "audio": "bear_mound",
                "label": "Travel up Garfield St. and turn right onto Vilas Ave., which will take you to the edge of <b>Bear Mound Park</b>."
            },
            "geometry": {
                "type": "Point",
                "coordinates": [
                    -89.4114810008667,
                    43.0632339693041
                ]
            }
        },
        {
            "type": "Feature",
            "properties": {
                "story": [
                    {
                        "image": "img/tour8/bridge.jpg",
                        "alt": " A view over Tee W\u0105\u0105k\u0161ik Hom\u012fk from the Willow Creek Bridge",
                        "caption": " Photo by Peter Vajagich."
                    },
                    {
                        "content": "The Willow Creek Bridge is symbolic in many ways. It connects the heart of campus east of Willow Creek to the expansive west side of campus, including the hospital, much of the Lakeshore Nature Preserve, athletic fields, and the Eagle Heights apartments. Perhaps more importantly, the Willow Creek bridge, originally constructed in the late 19th century, symbolically connects the past to the present.<sup>1</sup>\u00a0 "
                    },
                    {
                        "image": "img/tour8/willow_creek_bridge_postcard.jpg",
                        "alt": " An old black-and-white photography with a view over Lake Mendota from the Willow Creek Bridge",
                        "caption": " Postcard from the UWCL Digital Collection."
                    },
                    {
                        "content": "The Ho-Chunk have long called this place, Teejop, home. Centuries before the Lakeshore Path was paved over and Willow Creek Bridge was built, Ho-Chunk and other Indigenous people traversed this landscape, using the lake as a guide.<sup>2</sup> Yet the physical creation and expansion of UW-Madison was predicated on the (attempted) removal of the Ho-Chunk from this area and the dispossession of their land. After UW was established in 1848, land to the west of campus (Bascom Hill) was acquired for further growth. One tract was a 198-acre parcel, acquired in 1866 just after UW became a land grant institution. This is the land that surrounds Willow Creek Bridge and the lakeshore frontage to its east, toward present day Charter Street.<sup>3</sup> Soon, this land was crisscrossed with roads, making the land accessible to those in carriages and, later, automobiles.\u00a0\u00a0"
                    },
                    {
                        "content": "While the first bridge across Willow Creek was built to connect the growing network of \u201cpleasure\u201d drives (for another example, see the Vilas park tour), particularly those north and west of Picnic Point to growing campus, this area has always served as a bridging point.<sup>4</sup> Lake Mendota and the larger Teejop area have long been a transportation hub for Indigenous peoples, whether by foot, canoe, carriage, or automobile. Teejop was a gathering place, a place Ho-Chunk people lived, a place of trade and commerce, a place of cultural sustenance. Reminders of this long history can be seen adjacent to the Willow Creek Bridge, whose name comes from the rows of willow trees that were planted near the roadways at the turn of the twentieth century. Today, reminders of Ho-Chunk presence include the Goose effigy mound, the Ho-Chunk Clan Circle, and Dejope Residence Hall (for more information about these sites, see the Water tour). But as we will see throughout this tour, the Lakeshore Nature Preserve itself contains even more reminders of these deeper histories, that\u2014like the Willow Street bridge\u2014resonate to the present.\u00a0"
                    },
                    {
                        "sources": [
                            {
                                "link": "https://lakeshorepreserve.wisc.edu/visit/places/madison-park-and-pleasure-drive-plaque/",
                                "linkText": " Madison Park and Pleasure Drive Plaque",
                                "title": "1"
                            },
                            {
                                "link": "https://lakeshorepreserve.wisc.edu/cultural-and-natural-history-of-the-lakeshore-nature-preserve/",
                                "linkText": " Cultural and Natural History of the Lakeshore Nature Preserve",
                                "title": "2"
                            },
                            {
                                "link": "https://www.wisconsinhistory.org/Records/Property/HI160669",
                                "linkText": " Property Record for Willow Drive",
                                "title": "3"
                            },
                            {
                                "link": "https://lakeshorepreserve.wisc.edu/visit/places/madison-park-and-pleasure-drive-association/",
                                "linkText": " Madison Park and Pleasure Drive Association",
                                "title": "4"
                            }
                        ]
                    }
                ],
                "name": "Willow Creek Bridge",
                "pointOnTour": 1,
                "pk": 52,
                "tours": "tour8",
                "audio": "willow_creek_bridge",
                "label": "Begin at the <b>Willow Creek Bridge</b>, just west of the <b>Bakke Recreation Center</b>."
            },
            "geometry": {
                "type": "Point",
                "coordinates": [
                    -89.42144471315653,
                    43.07792986882066
                ]
            }
        },
        {
            "type": "Feature",
            "properties": {
                "story": [
                    {
                        "image": "img/tour8/mendota_overlook.jpg",
                        "alt": " Picnic Point is seen through fall foliage along the University Bay Marsh area of Lake Mendota during an autumn evening at the University of Wisconsin\u2013Madison on Oct. 20, 2025.",
                        "caption": " Photo by Taylor Wolfram, retrieved from UW-Madison Photo Library."
                    },
                    {
                        "content": "With 9,781 acres of surface area and 83 feet in depth, <b class='pronounce'>Tee W\u0105\u0105k\u0161ik Hom\u012fk</b> (Lake Mendota) has thousands of years of history, with Ho-Chunk people and their ancestors at the center of it all. This lake, and the others in the Teejop area, were rich resources for Ho-Chunk people who lived along its shores. One important way <b class='pronounce'>Tee W\u0105\u0105k\u0161ik Hom\u012fk</b> was used by Indigenous peoples was for overwater transportation and for purposes of trade, fishing, and gathering. <b class='pronounce'>Tee W\u0105\u0105k\u0161ik Hom\u012fk</b> is part of the Yahara River watershed, a 530-square-mile basin that eventually drains into the Mississippi River.\u00a0"
                    },
                    {
                        "content": "Archaeologists from the Wisconsin Historical Society have discovered a \u201cparking lot\u201d of 16 ancient dugout canoes clustered in a shallow area of <b class='pronounce'>Tee W\u0105\u0105k\u0161ik Hom\u012fk</b>, ranging in from over five thousand years old to 700 years old.<sup>1</sup> Known as the \u201cMendota cluster,\u201d these canoes are made from a variety of wood (elm, ash, oak, basswood, and cottonwood) and provide evidence of the lifeways of today\u2019s Ho-Chunk ancestors, including transportation via water travel, vital for trade and resource gathering. The oldest canoe identified in Lake Mendota is almost a millennium older than the Great Pyramids of Giza! Crafted from red oak, this ancient dugout canoe is the oldest vessel of its kind ever discovered in the Great Lakes region and dates back to roughly 3200 B.C.E.<sup>2</sup>\u00a0\u00a0"
                    },
                    {
                        "image": "img/tour8/ancient_canoe.jpg",
                        "alt": " A group of divers lifting an ancient dugout canoe above the water.",
                        "caption": " A 1,200 year old canoe being carefully removed from Lake Mendota in 2021. Photo from the Wisconsin Historical Society."
                    },
                    {
                        "content": "In the 1700s and 1800s, when settlers involved in the fur trade began to arrive to the Teejop area, they noted villages and camp sites around modern-day Lake Wingra and the areas we now call Middleton, Monona, and McFarland.<sup>3</sup> Ho-Chunk and other Indigenous people created intricate connecting systems, spanning land and water, that allowed for long travel routes to access resources. Villages were often set up around the lakes in modern day Madison or smaller rivers like the Yahara and Rock Rivers (often called \u201cthe heartbeat\u201d of Ho-Chunk ancestral territory).<sup>4</sup> These water systems were then connected to the larger watersheds of the Fox, Wisconsin, and Mississippi River systems.\u00a0\u00a0"
                    },
                    {
                        "sources": [
                            {
                                "link": "https://www.smithsonianmag.com/smart-news/archaeologists-in-wisconsin-unearth-an-ancient-parking-lot-with-16-dugout-canoes-including-one-thats-5200-years-old-180987741/",
                                "linkText": " \u201cArchaeologists in Wisconsin Unearth an Ancient \u2018Parking Lot\u2019 With 16 Dugout Canoes\u2014Including One That\u2019s 5,200 Years Old\u201d, Smithsonian Magazine",
                                "title": "1"
                            },
                            {
                                "link": "https://www.wpr.org/news/ancient-canoes-5000-years-old-madison-lake-mendota",
                                "linkText": " \u201cEven more ancient canoes have been found in Lake Mendota. One is more than 5,000 years old\u201d, Wisconsin Public Radio",
                                "title": "2"
                            },
                            {
                                "link": "https://www.olin-turville.org/history/native-american-history-of-this-area",
                                "linkText": " \u201cNative American History of This Area\u201d, Friends of Olin-Turville",
                                "title": "3"
                            },
                            {
                                "link": "https://nelson.wisc.edu/living-history/#:~:text=The%20view%20from%20Conaway's%2017,Ho%2DChunk%20Nation's%20Facebook%20page\\",
                                "linkText": " \u201cLiving History\u201d",
                                "title": "4"
                            }
                        ]
                    }
                ],
                "name": "Lake Mendota",
                "pointOnTour": 2,
                "pk": 53,
                "tours": "tour8",
                "audio": "lake_mentoda_overlook",
                "label": "Travel up the <b>Lakeshore Nature Preserve Path</b> towards <b>Picnic Point</b>, until you reach a gap in the trees that overlooks Lake Mendota."
            },
            "geometry": {
                "type": "Point",
                "coordinates": [
                    -89.42422521946693,
                    43.07950858874807
                ]
            }
        },
        {
            "type": "Feature",
            "properties": {
                "story": [
                    {
                        "image": "img/tour8/boat_launch.jpg",
                        "alt": " The canoe dock located just North of the marching band field looking over Tee W\u0105\u0105k\u0161ik Hom\u012fk on a sunny day.",
                        "caption": " Photo by Gareth Baldrica-Franklin."
                    },
                    {
                        "content": "While walking in the Lakeshore Nature Preserve along the Lakeshore Path, you will see multiple areas dedicated to recreation. This boat launch, on the southwest shore of the lake, provides an opportunity for residents and visitors to Teejop to access <b class='pronounce'>Tee W\u0105\u0105k\u0161ik Hom\u012fk</b> (Lake Mendota). It is one of the many public launches the City of Madison offers canoe, paddle board, and other watercraft users to access the lake.\u00a0\u00a0"
                    },
                    {
                        "content": "Today we often think of watersports, boating, and fishing as recreational activities. However, we know that Ho-Chunk people, and their Indigenous ancestors, similarly engaged in water-activities hundreds and thousands of years ago, along these same shorelines.<sup>1</sup>\u00a0"
                    },
                    {
                        "content": "Canoes, the primary means to access the water, were used by the Ho-Chunk in many ways: spear and net fishing, transportation between different camps, trade and communication along the Yahara chain, and for agricultural purposes, including harvesting wild rice. Dugout canoes were and remain significant cultural and spiritual items, providing a connection between the land and the water.\u00a0"
                    },
                    {
                        "content": "Scholars and community members believe dugout canoes were the most common type of canoe produced and used by ancestral Ho-Chunk. These dugout canoes were made by selecting a tree that had large, straight trunks that could resist rot. The log was then burned to soften the wood. Next, the log was hollowed out using stones, chisels, and mussel shells. It was scraped until the log reached its desired shape. To finish, the outer surface of the canoe was smoothed and treated with animal fat.\u00a0"
                    },
                    {
                        "content": "As the previous stop reminds us, there are many ancient canoes in <b class='pronounce'>Tee W\u0105\u0105k\u0161ik Hom\u012fk</b>. In 2021, a team of divers identified and recovered a 15-foot dugout canoe made from white oak.<sup>2</sup> Marlon White Eagle, then president of the Ho-Chunk Nation, stated that \u201cBy preserving this canoe, we are honoring those that came before us.\u201d<sup>3</sup>"
                    },
                    {
                        "sources": [
                            {
                                "link": "https://www.wisconsinhistory.org/canoe",
                                "linkText": " \u201cThe Mendota Canoes: Connecting Past and Present.\u201d",
                                "title": "1"
                            },
                            {
                                "link": "https://wisconsinshipwrecks.org/wisconsinsmaritimeresources/TheLakeMendotaDugouts.html",
                                "linkText": " \u201cThe Lake Mendota Dugouts\u201d",
                                "title": "2"
                            },
                            {
                                "link": "https://legacy.wisconsinhistory.org/canoe",
                                "linkText": " The Mendota Canoes: Connecting Past and Present",
                                "title": "3"
                            }
                        ]
                    }
                ],
                "name": "Boat Launch",
                "pointOnTour": 3,
                "pk": 54,
                "tours": "tour8",
                "audio": "boat_launch",
                "label": "Continue up the <b>Lakeshore Nature Preserve</b> path until you reach a <b>Boat Launch</b>."
            },
            "geometry": {
                "type": "Point",
                "coordinates": [
                    -89.42522119976233,
                    43.08021744263693
                ]
            }
        },
        {
            "type": "Feature",
            "properties": {
                "story": [
                    {
                        "image": "img/tour8/university_bay_bench.jpg",
                        "alt": " A bench overlooking University Bay on Lake Mendota with the Picnic Point in the distance",
                        "caption": " Photo by Gareth Baldrica-Franklin."
                    },
                    {
                        "content": "Known in Ho-Chunk as s\u012f\u012f, s\u012f\u012fco, or w\u0105\u0105k\u0161ik s\u012f\u012f, wild rice, is a culturally significant plant for Native Nations throughout the Great Lakes region. Prior to non-Native settlement across Teejop and changes brought about by land degradation and climate change, wild rice grew on the shores of Teejop\u2019s many lakes and was harvested by Ho-Chunk people for generations. Wild rice is also commonly associated with northern Nations such as Ojibwe and Menominee peoples who call the plant manoomin (in Ojibwe) and [Menominee word] (in Menominee, or language name).\u00a0"
                    },
                    {
                        "content": "Wild rice, often called the good berry, is an important part of wetland ecosystems and is considered a \u201ckeystone species\u201d because other beings rely upon its presence for their own survival. As a source of food, wild rice is a nutritionally dense grain that is high in protein, fiber, and other essential minerals. Yet there\u2019s so much more about wild rice that makes it an important member of our shared ecosystem. Not only do other animals also feed off wild rice, they often use rice stalks for roosting and shelter. Even more important, wild rice is a good indicator of clean water and can even improve water quality by binding loose soils, tying up nutrients and slowing winds across shallow wetlands.\u201d<sup>1</sup>\u00a0"
                    },
                    {
                        "image": "img/tour8/wild_rice.jpg",
                        "alt": " A black-and-white photo showing many stalks of wild rice emerging from the water.",
                        "caption": " A wild rice bed from the early 20th century. Photo from the UW Digital Collection, taken by George Kemmerer."
                    },
                    {
                        "content": "Indigenous relationships with wild rice are structured around traditional ecological knowledge, which establishes and teaches about the importance of wild rice and the practices of wild rice harvest which ensures the continuation of the plant itself. Given its esteemed place within wetland ecosystems, many Native Nations around the Great Lakes consider wild rice sacred and a key part of social, ceremonial, and traditional economic practices. Ojibwe people, for instance, require manoomin for many ceremonies, but they have also historically used it as a trade item to build alliances and relationships with each other and other Indigenous peoples.\u00a0"
                    },
                    {
                        "content": "\u00a0Today, Tribal Nations throughout the Great Lakes region are actively protecting and restoring wild rice and wetland ecosystems. If you would like to support efforts to protect and revitalize Indigenous foodways, visit the White Earth Land Recovery Project for more information.\u00a0"
                    },
                    {
                        "sources": [
                            {
                                "link": "https://www.stlouisriver.org/wild-rice-project",
                                "linkText": " Manoomin Restoration Partnership",
                                "title": "1"
                            },
                            {
                                "link": "https://foodsystems.extension.wisc.edu/indigenous-food-systems-resilience/wild-rice-restoration-and-research/",
                                "linkText": " \u201cWild Rice Restoration and Research,\u201d UW Extension",
                                "title": "2"
                            },
                            {
                                "link": "https://nativeharvest.com/",
                                "linkText": " White Earth Land Recovery Project",
                                "title": "3"
                            }
                        ]
                    }
                ],
                "name": "Wild Rice",
                "pointOnTour": 4,
                "pk": 55,
                "tours": "tour8",
                "audio": "wild_rice",
                "label": "Continue up the <b>Lakeshore Nature Preserve</b> path until you reach a <b>bench</b> overlooking the lake."
            },
            "geometry": {
                "type": "Point",
                "coordinates": [
                    -89.42583836265202,
                    43.08091936185724
                ]
            }
        },
        {
            "type": "Feature",
            "properties": {
                "story": [
                    {
                        "image": "img/tour8/marsh_1918.jpg",
                        "alt": " A across University Bay Drive of the reeds of the Class of 1918 marsh.",
                        "caption": " Photo by Gareth Baldrica-Franklin."
                    },
                    {
                        "content": "Across Teejop, there are many examples of how settler society has manipulated nature to support its own development, at the expense of Indigenous people. In front of you, the Class of 1918 Marsh represents layers of manipulation of the landscape, but also an opportunity for restoration.\u00a0\u00a0"
                    },
                    {
                        "content": "Historically, the marsh was a sedge meadow, separated from <b class='pronounce'>Tee W\u0105\u0105k\u0161ik Hom\u012fk</b> by a sandbar.<sup>1</sup> In 1896, the construction of the Tenney Park Dam raised <b class='pronounce'>Tee W\u0105\u0105k\u0161ik Hom\u012fk</b>\u2019s water levels, transforming existing marsh into open water, and flooding environments further inland, including the sedge meadow. While the dam was designed to make water levels more consistent across <b class='pronounce'>Tee W\u0105\u0105k\u0161ik Hom\u012fk</b>, primarily in support of recreation, but also for flood control\u2014it had major implications for the Ho-Chunk still living in the area, as it disrupted their lifeways, destroying the marshy habitats that provided food and medicine.<sup>2</sup>\u00a0"
                    },
                    {
                        "image": "img/tour8/mendota_spillway.jpg",
                        "alt": " A low concrete spillway with a large lake behind, and a smaller body of water in front. Water is flowing over the spillway.",
                        "caption": " The spillway at Lake Mendota and the Yahara River, circa 1916, retrieved from <a href='https://www.wisconsinhistory.org/record/image/W0125VF/the-spillway#cite'>Wisconsin Historical Society</a>."
                    },
                    {
                        "content": "In 1912, the former meadow was transformed again. At the time, millions of acres of wetlands across the country were being drained and converted into agricultural fields, a process referred to as \u201creclamation\u201d.<sup>3</sup> This wetland was drained and converted into a corn field to feed the UW dairy herd. The field became a \u201ctest case\u201d in service of UW\u2019s guiding principle: the Wisconsin Idea. The drained marsh served as a demonstration for farmers throughout Wisconsin, who were encouraged to convert their own marshland to agricultural fields.<sup>4</sup>"
                    },
                    {
                        "content": "Over time, the field sank below the water level of University Bay. By the 1960s, it was once again flooded. With farming no longer feasible, the area became a dumping ground for construction waste and trash. To \u201cprotect\u201d the land, alumni from the class of 1918 raised money to transform the area into an ornamental Japanese garden.<sup>5</sup> However, a group of students from an environmental management class surveyed the marsh in 1969 and reported that it would be better served as a wildlife habitat, and as a tool for teaching and research. These students hosted an encampment to protest the dumping\u2014which was later revealed to have been conducted without proper permitting\u2014and to encourage the restoration of the marsh to pre-1912 conditions. The protests were successful, and the Class of 1918 funded the restoration of the marsh. The restoration saw the removal of waste, seeding of native species, the construction of a boardwalk, and the installation of interpretive signs (many of which are now lost).\u00a0"
                    },
                    {
                        "image": "img/tour8/marsh_a_tour.jpg",
                        "alt": " A newspaper clipping from the Daily Cardinal, February 28th, 1970. There is a black and white image of construction rubble, including a trashed architectural landscape model among piles of tin cans. The caption of the image reads: \u201cSymbolic of a perhaps deteriorating environment, a University architectural model languishes in ruin at the Nielsen Marsh, surrounded by construction materials and tin cans.\u201d Below the image, the title of the article reads: \u201cThe Marsh \u2013A Tour.\u201d.",
                        "caption": " An Article from the Daily Cardinal from 1970, depicting a trashed architectural landscape model in what would become the Class of 1918 marsh."
                    },
                    {
                        "content": "While the restoration of the marsh, and the efforts of the student protests, are both laudable, the struggle over what the land should become is emblematic of a central question of ecological restoration: to which baseline should an environment be restored? The restoration of the Class of 1918 Marsh restored the area to a baseline created in the first place by the construction of dams on <b class='pronounce'>Tee W\u0105\u0105k\u0161ik Hom\u012fk</b>, not its pre-colonial condition. As the need for the restoration and active stewardship grows more urgent with the intensification of climate change, how we choose to restore landscapes\u2014with insight from Indigenous land stewards and thinkers\u2014is central to shifting our relationship to land.\u00a0\u00a0"
                    },
                    {
                        "content": "Recent landscape restoration efforts by the Ho-Chunk Nation at the former Badger Army Ammunition Plant, about 45 minutes north of Madison, are exemplary of how future restoration might be conducted. The Ho-Chunk plan includes grassland restoration that will eventually support a bison herd, which will in-turn assist the restoration effort by managing grasses and trees, and provide food for Ho-Chunk citizens.<sup>6</sup> The reciprocal relationships between humans and non-humans are central to the overall restoration, and provide a model for how future restoration projects might unfold.\u00a0"
                    },
                    {
                        "sources": [
                            {
                                "link": "https://lakeshorepreserve.wisc.edu/wp-content/uploads/sites/27/2017/01/2002_fall_friends_newsletter.pdf",
                                "linkText": " \u201cSaving a Marsh: An Environmental Success Story,\u201d by Roma Lenehan",
                                "title": "1"
                            },
                            {
                                "link": "https://uncpress.org/book/9781469673608/citizens-of-a-stolen-land/",
                                "linkText": " Stephen Kantrowitz, Citizens of a Stolen Land: A Ho-Chunk History of the Nineteenth-Century United States.",
                                "title": "2"
                            },
                            {
                                "link": "https://openrivers.lib.umn.edu/article/mapping-potawatomi-presences/",
                                "linkText": " \u201cRestorative Cartography of the Theakiki Region: Mapping Potawatomi Presences in Indiana,\u201d by Elan Pochedley",
                                "title": "3"
                            },
                            {
                                "link": "https://lakeshorepreserve.wisc.edu/wp-content/uploads/sites/27/2017/01/2002_fall_friends_newsletter.pdf",
                                "linkText": " \u201cSaving a Marsh: An Environmental Success Story,\u201d by Roma Lenehan",
                                "title": "4"
                            },
                            {
                                "link": "https://search.library.wisc.edu/digital/A4HKJYI3XZNGDU9C/pages/AVCNRC3GUCVORH9E",
                                "linkText": " \u201cThe Marsh\u2014a Tour,\u201d the Daily Cardinal",
                                "title": "5"
                            },
                            {
                                "link": "https://hocakworak.com/archives/2015/Issue4.pdf",
                                "linkText": " \u201cFormer Badger Ammo land being eyed as grassland restoration project,\u201d by Ken Luchterland",
                                "title": "6"
                            }
                        ]
                    }
                ],
                "name": "Class of 1918 Marsh",
                "pointOnTour": 5,
                "pk": 56,
                "tours": "tour8",
                "audio": "class_of_1918_marsh",
                "label": "Continue up the <b>Lakeshore Nature Preserve</b> until you approach the entrance to Picnic Point. The <b>Class of 1918 Marsh</b> is across the street."
            },
            "geometry": {
                "type": "Point",
                "coordinates": [
                    -89.42853237248038,
                    43.0835327083419
                ]
            }
        },
        {
            "type": "Feature",
            "properties": {
                "story": [
                    {
                        "image": "img/tour9/picnic_point_entrance.jpg",
                        "alt": " The entrance to Picnic Point, where a walking trail branches from a paved bike path and winds next to a large map, and through a gap in the trees.",
                        "caption": " Photo by Gareth Baldrica-Franklin."
                    },
                    {
                        "content": "As you enter the path to Picnic Point, take a moment to reflect on how this landscape has changed over the last two hundred or more years. What do we see today that was not here in 1900 or in 1800? What features of the landscape have been lost to development and use? How have the people using this land changed? How has the use of this land changed?\u00a0"
                    },
                    {
                        "content": "Centuries ago, the Ho-Chunk and other Indigenous nations relied on the vast network of lakes and rivers in the Teejop area for travel, trade, and gathering.<sup>1</sup> Waterways, including Lake Mendota, and connected footpaths allowed the Ho-Chunk and other Tribal nations like the Potawatomi and Menominee to travel to seasonal camps, village sites, forage locations, and places of cultural and spiritual significance, much like we drive our vehicles today\u2013to the homes of family and friends, to the grocery story, to school, or to places of worship.<sup>2</sup>\u00a0\u00a0"
                    },
                    {
                        "content": "Prior to the widespread colonization of Teejop and before treaties were signed with the Ho-Chunk in the 1820s and 1830s, canoeing and walking were primary means of travel. Travel and trade routes were deeply embedded in seasonal cycles and communal practices, and these routes reflected careful land stewardship and the enduring relationship the Ho-Chunk and other Indigenous peoples maintained with the Teejop area.<sup>3</sup>\u00a0\u00a0"
                    },
                    {
                        "content": "Today, the entrance to Picnic Point serves as a crossroad for modern modes of transportation. Roads, bicycles, paved paths, the city\u2019s public bus system, and even ride share services, bring students and visitors to this natural area. Recreational, motorized boating, canoeing, and kayaking are common on Lake Mendota, while bikes and cars dominate overland travel. Despite these changes, the Lakeshore Path remains a living connection between people, nature, history, and the traditions of those who first called Teejop home.\u00a0\u00a0"
                    },
                    {
                        "sources": [
                            {
                                "link": "https://lakeshorepreserve.wisc.edu/native-americans-and-the-preserve/",
                                "linkText": " \u201cNative Americans and the Preserve.\u201d",
                                "title": "1"
                            },
                            {
                                "link": "https://www.wisconsinhistory.org/MediaFileLocation/boiaig3h/wi-shpo-crmp-volume-2-transportation.pdf",
                                "linkText": " <i>Transportation</i>, from the Wisconsin Historical Society",
                                "title": "2"
                            },
                            {
                                "link": "https://www.olin-turville.org/history/native-american-history-of-this-area",
                                "linkText": " \u201cNative American History of this Area\u201d, Friends of Olin-Turville",
                                "title": "3"
                            }
                        ]
                    }
                ],
                "name": "Picnic Point Entrance",
                "pointOnTour": 1,
                "pk": 57,
                "tours": "tour9",
                "audio": "picnic_point_entrance",
                "label": "Begin at the main entrance to <b>Picnic Point</b>."
            },
            "geometry": {
                "type": "Point",
                "coordinates": [
                    -89.42876568750215,
                    43.08442260798083
                ]
            }
        },
        {
            "type": "Feature",
            "properties": {
                "story": [
                    {
                        "image": "img/tour9/fire_circle_1.jpg",
                        "alt": " Fire Circle #1, a circle of benches around a fire pit, located along the Lakeshore Nature Preserve Trail at Picnic Point. There is a sign and two garbage cans next to the fire pit.",
                        "caption": " Photo Gareth Baldrica-Franklin"
                    },
                    {
                        "content": "As you meander down the path toward Picnic Point, you\u2019ll come across five fire circles, with a sixth located at the tip of Picnic Point. Today, these fire circles are primarily used for social gatherings\u2013roasting marshmallows for s\u2019mores or cooking store-bought hotdogs and hamburgers. Despite attempted removals from this land, Ho-Chunk, as well as other Native people, would have used fire for social and ceremonial purposes but also for purposes of food preparation.\u00a0\u00a0\u00a0"
                    },
                    {
                        "content": "While the methods of harvesting and preparing food have changed considerably over the last two hundred years, Ho-Chunk people gathered, hunted, and fished for food across the landscape that lies before you. And fire made it possible to both cook and preserve food through various means, like roasting, baking, boiling, and smoking.<sup>1</sup> Along the lakeshore, Native people would have access to a wide variety of food sources\u2013fish, waterfowl, berries, greens, wild rice, mussels, wild game, and maple syrup.\u00a0\u00a0"
                    },
                    {
                        "content": "Fire was integral to preserving fish and wild game, like deer, for longer storage. Fish, such as walleye, harvested from W\u0105\u0105k\u0161ikhom\u012fk (Lake Mendota) and other game would have been laid on racks, near a low fire, to dry for short-term preservation. Another way fire was used for food preservation was by boiling sap collected from maple trees during spring, allowing the sap to reduce to syrup and, eventually, crystalized sugar. Although Indigenous foodways were jeopardized due to development, settlement, and pollution, many of these culturally important foods remain, and all the tribal nations of Wisconsin actively engage in cultural revitalization, including foodways.\u00a0\u00a0"
                    },
                    {
                        "content": "The gatherings that occur at these fire circles today offer the chance to contemplate our connections to the past. An opportunity to slow down and share a meal. To reflect on where our food comes from\u2013how and where it is grown or harvested and processed\u2013and to give thanks to the land that continues to nourish our bodies, the same land that has nourished the Ho-Chunk for generations.\u00a0\u00a0"
                    },
                    {
                        "sources": [
                            {
                                "link": "https://www.ebsco.com/research-starters/history/fire-and-firemaking-native-american-culture",
                                "linkText": " \u201cFire and firemaking (Native American culture)\u201d, EBSCO Host",
                                "title": "1"
                            }
                        ]
                    }
                ],
                "name": "Fire Circle #1",
                "pointOnTour": 2,
                "pk": 58,
                "tours": "tour9",
                "audio": "fire_circle_1",
                "label": "Travel up path to <b>Picnic Point</b> alongside <b>University Bay</b> until you reach Fire Circle #1."
            },
            "geometry": {
                "type": "Point",
                "coordinates": [
                    -89.42356062192285,
                    43.085709591205436
                ]
            }
        },
        {
            "type": "Feature",
            "properties": {
                "story": [
                    {
                        "image": "img/tour9/fire_circle_2.jpg",
                        "alt": " Fire Circle #2, a circle of benches around a fire pit, located along the Lakeshore Nature Preserve Trail at Picnic Point.",
                        "caption": " Photo by Jamie Resis and Isabella Jacobsen."
                    },
                    {
                        "content": "According to Daniel Einstein, longtime historic and cultural resources manager for the UW Division of Facilities Planning and Management, Picnic Point is \u201ca cultural landscape that exists in space and time...if you understand how to read the landscape, you can see the layers of Picnic Point\u2019s story.\u201d<sup>1</sup>\u00a0\u00a0"
                    },
                    {
                        "content": "These layers can be seen before you. This is a sacred place, past and present.\u00a0\u00a0"
                    },
                    {
                        "content": "The University of Wisconsin is the most archeologically rich campus in the world, home to one of the largest concentrations of effigy mounds. These mounds were built by Indigenous people, ancestors of the Ho-Chunk, over one thousand years ago for purposes of burial and ceremony. There are mounds located within the Lakeshore Nature Preserve and here, on the Picnic Point peninsula. Archeological research has identified the presence of six mounds across Picnic Point. Unfortunately, a seventh mound was destroyed in the early 20th century by vandals.\u00a0\u00a0"
                    },
                    {
                        "content": "These mounds, some of which contain human remains, are sacred. As such, these mounds are protected by state (Wisconsin Statues \u00a7 157.<sup>7</sup>0, the Burial Sites Preservation Law) and federal laws (like the Native American Graves Protection and Repatriation Act).<sup>2</sup>\u00a0\u00a0"
                    },
                    {
                        "content": "Today, UW stewards a total of 34 mounds across campus (including the Arboretum) and UW policy outlines what this stewardship, preservation, and care looks like (UW Policy Library, Indian Burial Sites Management).<sup>3</sup> As visitors to this landscape, it is important for all of us to remain on the walking paths throughout the Lakeshore Nature Preserve\u2014in some areas, mounds lie just beside them.\u00a0"
                    },
                    {
                        "content": "The bench, then, at Fire Circle #2 provides an opportunity to take a seat, to reflect on the sacredness of place and the ways place holds meaning \u2013 across space and time \u2013 for individuals, communities, and cultures.\u00a0\u00a0"
                    },
                    {
                        "sources": [
                            {
                                "link": "https://onwisconsin.uwalumni.com/sacred-ground/",
                                "linkText": " \u201cSacred Ground\u201d, by Erika Janik",
                                "title": "1"
                            },
                            {
                                "link": "https://dnr.wisconsin.gov/topic/Lands/CulturalRes/mounds",
                                "linkText": " \u201cBurial Mounds\u201d, Wisconsin DNR",
                                "title": "2"
                            },
                            {
                                "link": "https://policy.wisc.edu/library/UW-6041",
                                "linkText": " UW\u2013Madison Indian Burial Sites Management",
                                "title": "3"
                            }
                        ]
                    }
                ],
                "name": "Fire Circle #2",
                "pointOnTour": 3,
                "pk": 59,
                "tours": "tour9",
                "audio": "fire_circle_2",
                "label": "Continue towards <b>Picnic Point</b> until you reach Fire Circle #2."
            },
            "geometry": {
                "type": "Point",
                "coordinates": [
                    -89.42188828110868,
                    43.08592284868201
                ]
            }
        },
        {
            "type": "Feature",
            "properties": {
                "story": [
                    {
                        "image": "img/tour9/picnic_point_beach.jpg",
                        "alt": " A small sandy beach on Lake Mendota, facing north.",
                        "caption": " Photo by Gareth Baldrica-Franklin"
                    },
                    {
                        "content": "The Picnic Point beach provides lovely views of the north shore of Tee W\u0105\u0105k\u0161ik Hom\u012fk (Lake Mendota), which was, over one hundred and fifty years ago, home to Ho-Chunk villages and at least one trading post.\u00a0\u00a0"
                    },
                    {
                        "content": "This trading post, well-documented in the historical archive, was operated by Michel St. Cyr, the son of a French trader from Prairie du Chien and a Ho-Chunk woman.<sup>1</sup> Established in the 1820s, St. Cyr traded with both local Ho-Chunk  and white settlers who arrived to Teejop before and after the signing of the 1832 treaty\u2014which dispossessed the Ho-Chunk of their land across much of present-day southern Wisconsin. St. Cyr traded various goods, including tobacco, and grew crops on a plot next to his trading post. As someone of mixed descent, St. Cyr\u2019s ability to speak English and Ho-Chunk made him a skillful interpreter and negotiator.\u00a0\u00a0"
                    },
                    {
                        "content": "At the same time, St. Cyr\u2014like other American Indians\u2014was not a U.S. citizen. In fact, the American Indian Citizenship Act was not passed until 1924, nearly 100 years after his trading post was founded. As a non-citizen, St. Cyr did not have the same rights and legal protections as (white) settlers, including the ability to own property. In an attempt to acquire the land on which his trading post and farm plot were located, St. Cyr made an arrangement with J.D. Doty, the territorial governor, in 1835. However, their agreement never gained legal standing. Instead, W.B. Slaughter and Doty himself claimed the land for their benefit, with Slaughter intending to plat a city. While the planned city was never created, St. Cyr lost his land.<sup>2</sup>"
                    },
                    {
                        "content": "Today, the location of his trading post is marked by an oak tree near Pheasant Branch, in present-day Middleton. Later, St. Cyr\u2019s son, John St. Cyr, came to be a prominent figure within Ho-Chunk politics throughout the 1850s and 1860s.<sup>3</sup>"
                    },
                    {
                        "image": "img/tour9/trading_post_oak.jpg",
                        "alt": " View down hill towards a woman standing with her arms outstretched and with her back against the trunk of a tall red oak near Lake Mendota. A car is sitting on the driveway behind the tree, and another is in the foreground. Houses are in the background. ",
                        "caption": " An oak tree in Middleton, marking the site of Michel St. Cyr\u2019s trading post, taking in 1980 by Robert Keller, retrieved from <a href='https://explore.wishistory.org/AssetLink/ducf5j7626681a0m334603qs057u2w3c.jpg'>Wisconsin Historical Society</a>."
                    },
                    {
                        "content": "The story of Michel St. Cyr provides a glimpse into the realities of Ho-Chunk life during the early days of white settlement in the Teejop area. In his case, a successful trading post was not enough to protect St. Cyr from the forces of settler colonialism, \u201ca complex social process in which at least one society seeks to move permanently onto... places lived in by one or more other societies\u201d.<sup>4</sup> While St. Cyr left Teejop, other Ho-Chunk people stayed, or returned after removal, maintaining a presence in their homeland that continues to this day.\u00a0"
                    },
                    {
                        "content": "As you look out across the lake, consider rematriation, or the process by which land and resources are returned to Indigenous people, and what that might look like for St. Cyr and his descendants.\u00a0"
                    },
                    {
                        "sources": [
                            {
                                "link": "https://dnr.wisconsin.gov/sites/default/files/topic/ForestManagement/everyRootAnAnchor_013-tradingPostOak.pdf",
                                "linkText": " \u201cTrading Post Oak\u201d, <i>from Every Root an Anchor: Wisconsin\u2019s Famous and Historic Trees</i> by R. Bruce Allison",
                                "title": "1"
                            },
                            {
                                "link": "https://archive.org/details/cu31924028871445/page/368/mode/2up",
                                "linkText": " History of Dane County, Wisconsin, 1880",
                                "title": "2"
                            },
                            {
                                "link": "https://uncpress.org/book/9781469673608/citizens-of-a-stolen-land/",
                                "linkText": " Stephen Kantrowitz, Citizens of a Stolen Land: A Ho-Chunk History of the Nineteenth-Century United States.",
                                "title": "3"
                            },
                            {
                                "link": "https://www.jstor.org/stable/26879582?seq=1",
                                "linkText": " Kyle Whyte, \u201cSettler Colonialism, Ecology, and Environmental Injustice.\u201d",
                                "title": "4"
                            }
                        ]
                    }
                ],
                "name": "Picnic Point Beach",
                "pointOnTour": 4,
                "pk": 60,
                "tours": "tour9",
                "audio": "picnic_point_beach",
                "label": "Continue towards <b>Picnic Point</b> until you reach the portage point. <b>Picnic Point Beach</b> will be on the right."
            },
            "geometry": {
                "type": "Point",
                "coordinates": [
                    -89.41930272733234,
                    43.087412941350685
                ]
            }
        },
        {
            "type": "Feature",
            "properties": {
                "story": [
                    {
                        "image": "img/tour9/picnic_point_view.jpg",
                        "alt": " A view overlooking Lake Mendota with Downtown Madison visible in the distance",
                        "caption": " Photo by Gareth Baldrica-Franklin."
                    },
                    {
                        "content": "Today, Lake Mendota is one of the most studied lakes in the world, with UW-Madison considered the birthplace of limnology (freshwater science)\u00a0in North America. Continuous monitoring of the lake and data collection reveals how climate change impacts Lake Mendota, Madison, and the larger region.\u00a0\u00a0"
                    },
                    {
                        "content": "Climate change has been acutely felt by Indigenous people globally. Here in Teejop, Lake Mendota is more than a body of water for recreation\u2013it has and continues to serve as a living ecosystem that provides for human and non-human relatives. Numerous species of fish, including walleye, northern pike, perch, and lake sturgeon were\u00a0harvested by Ho-Chunk and other Native people during seasonal rounds using nets, spears, and traps. Native freshwater mussels were once found in large concentrations at the bottom of Lake Mendota and were a valuable food source. Due to changes in the lake, many brought about by agricultural runoff, climate change, and the introduction of non-native species, these native mussels have been replaced with invasive species like zebra and quagga mussels.<sup>1</sup>"
                    },
                    {
                        "content": "The shallows of Lake Mendota supported beds of wild rice, known in Ho-Chunk as s\u012f\u012f, s\u012f\u012fco, or w\u0105\u0105k\u0161ik s\u012f\u012f, and other aquatic plants, harvested as part of a healthy diet. Lake Mendota was also home to large populations of geese and ducks year-round, and especially during waterfowl migration.<sup>2</sup> Harvesting practices of the Ho-Chunk and other Indigenous people are informed by their deep knowledge of place and the environment, an element of traditional ecological knowledge. By practicing seasonal harvesting, tribal communities were able to maintain the lake\u2019s health, ensuring its valuable resources would be available year after year. "
                    },
                    {
                        "content": "As settlers arrived, human relationships with the lake began to change. As the region became home to widespread agriculture and the city of Madison developed, the health of Lake Mendota declined. \u00a0"
                    },
                    {
                        "content": "Here, we can give pause to think about the ways we care for the environment around us and the efforts of Tribal Nations, including the Ho-Chunk Nation\u2014guided by traditional ecological knowledge\u2014to repair the harms that have been done to lakes and waterways across the state brought about by development, agriculture, and overuse.\u00a0\u00a0"
                    },
                    {
                        "sources": [
                            {
                                "link": "https://www.channel3000.com/madison-magazine/the-history-of-madisons-lakes-and-the-scientific-findings-that-have-emerged-from-them/article_6d6ec1b4-4dc9-11ef-8fb0-770ea0208aba.html",
                                "linkText": " \u201cThe history of Madison\u2019s lakes\u2013and the scientific findings that have emerged from them,\u201d by Andrea Behling",
                                "title": "1"
                            },
                            {
                                "link": "https://onwisconsin.uwalumni.com/land-of-the-ho-chunk/",
                                "linkText": " \u201cLand of the Ho-Chunk,\u201d by Megan Provost",
                                "title": "2"
                            }
                        ]
                    }
                ],
                "name": "Picnic Point",
                "pointOnTour": 5,
                "pk": 61,
                "tours": "tour9",
                "audio": "picnic_point",
                "label": "Continue to the end of <b>Picnic Point</b>."
            },
            "geometry": {
                "type": "Point",
                "coordinates": [
                    -89.41519375715515,
                    43.08977814801049
                ]
            }
        },
        {
            "type": "Feature",
            "properties": {
                "story": [
                    {
                        "image": "img/tour10/lakeshore_map.jpg",
                        "alt": " An information kiosk with a large map of the Lakeshore Nature Preserve.",
                        "caption": " Photo by Gareth Baldrica-Franklin."
                    },
                    {
                        "content": "As you approach the entrance to the Frautschi Point woods, you will notice a large map attached to a wooden display. The entire Lakeshore Nature Preserve is presented on the map, including many areas named after individual people, including Raymer\u2019s Cove, Wally Bauman Woods, Frautschi Point, Bill\u2019s Woods, among others.<sup>1</sup> Some of these places are named for people who owned land, such as George Raymer, who at one time owned much of what would become the Lakeshore Nature Preserve and Eagle Heights. Others are named after prominent members of the Madison community, such as Willy Bauman, a conservationist, and one time Dane County Supervisor and Middleton Mayor, who helped the university acquire land for the Lakeshore Nature Preserve. These place names tell a story of societal values, reflecting broader place naming trends in the United States. Across the country, many places are named after the (white) men who purchased and owned land, or are otherwise named to honor politicians or businessmen, such as James Madison. In other words, these names reflect who had power\u2014the power to own land and the power to create laws and policies.\u00a0\u00a0"
                    },
                    {
                        "content": "On the other hand, traditional, Indigenous place names follow different conventions. As Citizen Potawatomi cartographer Margaret Pearce writes: \u201cA traditional Indigenous place name, one composed of the language from an oral culture, describes the salient characteristics of a place, those qualities that clarify the situated identity of the place and distinguish it from other places.\u201d<sup>2</sup> Indigenous place names can be considered a form of cartography themselves, used to describe places and assist with navigating space. While this includes physically navigating the landscape, these place names can also evoke oral tradition, referring directly to stories layered atop the landscape. Many Indigenous place names are still widely used. For example, the Mississippi River is an anglicization of the Anishinaabe word gichi-ziibi, meaning \u201cgreat river.\u201d<sup>3</sup> Throughout Wisconsin, there are many examples of Indigenous place names, such as Menasha, Milwaukee, Waukesha, Oshkosh, Wausau, Wauwatosa, Waunakee, Neenah, and Manitowoc.<sup>4</sup> While some of these names like Menasha, are the traditional names used by Indigenous people, others have been adopted or appropriated by settler communities.\u00a0"
                    },
                    {
                        "image": "img/tour10/mendota_map.jpg",
                        "alt": " A map titled 'Indian Legend Map of Lake Mendota'. The map contains various pictoral icons representing places of indigenous significance on and around Lake Mendota, including villages to the south, southeast, north and northwest\u2014including over the modern-day location of the UW campus area. The map also includes places of spiritual significance, and relevance to Ho-Chunk oral tradition, such as the den of the water spirits, represented by a series of long-tailed water spirits in the waters near Maple Bluff, and 'Spirit Horses on Horse Hill', represented by a flying horse near Picnic Point.",
                        "caption": " Indian Legend Map of Lake Mendota, created by Charles E. Brown's students in 1941, retrieved from <a href='https://www.wisconsinhistory.org/Records/Image/IM85412'>Wisconsin Historical Society</a>."
                    },
                    {
                        "content": "More locally, however, there are very few Ho-Chunk place names, if any, that are commonly used. Teejop, meaning \u201cfour lakes\u201d refers to the area around and including Madison, describing the area\u2019s four large lakes. Mendota was claimed to be an Anishinaabe name by a surveyor in the mid-19th century, who suggested it would be good name for the lake.<sup>5</sup> In actuality, Mendota is a Dakota word meaning \u201cconfluence of rivers\u201d. The traditional Ho-Chunk name is Tee W\u0105\u0105k\u0161ik Hom\u012fk, meaning \u201cwhere the man lies\u201d, referring to a story from Ho-Chunk oral tradition which describes the origin of the lake.<sup>6</sup>"
                    },
                    {
                        "sources": [
                            {
                                "link": "https://lakeshorepreserve.wisc.edu/visit/places/",
                                "linkText": " \u201cPlaces in the Preserve\u201d",
                                "title": "1"
                            },
                            {
                                "link": "https://www.tandfonline.com/doi/full/10.1179/1743277414Y.0000000078",
                                "linkText": " Margaret Pearce, The Last Piece is You",
                                "title": "2"
                            },
                            {
                                "link": "https://ojibwe.lib.umn.edu/search?utf8=%E2%9C%93&q=mississippi&commit=Search&type=english",
                                "linkText": " \u201cMississippi River\u201d, The Ojibwe People\u2019s Dictionary",
                                "title": "3"
                            },
                            {
                                "link": "https://www.wpr.org/culture/why-there-wau-so-many-wisconsin-place-names",
                                "linkText": " Tim Peterson, \u201cWhy Is There A \u2018Wau\u2019 In So Many Wisconsin Place Names?\u201d",
                                "title": "4"
                            },
                            {
                                "link": "https://madison.com/news/local/environment/collection_f1dcbd48-abe7-5dfd-ad8a-f93fe5f4dafd.html",
                                "linkText": " Wisconsin State Journal, \u201cThe Yahara Lakes, Giants Among Us\u201d",
                                "title": "5"
                            },
                            {
                                "note": " Other Ho-Chunk names of local lakes include \u010cihabokihaketera (Lake Monona), Sahu Xetera (Lake Waubesa), and N\u0105s\u0105ku\u010ditera (Lake Kegonsa).",
                                "title": "6"
                            }
                        ]
                    }
                ],
                "name": "Lakeshore Nature Preserve Map",
                "pointOnTour": 1,
                "pk": 62,
                "tours": "tour10",
                "audio": "lakeshore_preserve_map",
                "label": "Begin at the <b>Lakeshore Nature Preserve Frautschi Point Parking Lot</b>. "
            },
            "geometry": {
                "type": "Point",
                "coordinates": [
                    -89.43359089705932,
                    43.09057923436017
                ]
            }
        },
        {
            "type": "Feature",
            "properties": {
                "story": [
                    {
                        "image": "img/tour10/frautschi_point.jpg",
                        "alt": " A view across Lake Mendota from Frautschi Point.",
                        "caption": " Photo by  Gareth Baldrica-Franklin."
                    },
                    {
                        "content": "This area of the Lakeshore Nature Preserve, named for the Frautschi family, is a consistent reminder of the \u201cchanges in the land.\u201d<sup>1</sup> "
                    },
                    {
                        "content": "Frautschi Point remains one of the largest \u201cundeveloped\u201d lakeshore areas of present-day Lake Mendota. As a natural area open to the public, the Lakeshore Nature Preserve was established in the late 1980s. Long before the Lakeshore Nature Preserve, of course, this was Ho-Chunk land and we can see the remnants of historical and contemporary Indigenous lifeways, as well as ongoing colonization, if we look closely.\u00a0\u00a0"
                    },
                    {
                        "image": "img/tour10/second_point.jpg",
                        "alt": " Aerial photograph of Frautschi Point. Lake Mendota is on the left, the shoreline has a thin layer of trees, and there is a large field beyond.",
                        "caption": " Aerial view of Frautschi Point circa 1968, when it was owned by the Jackson family. Retrieved from <a href='https://www.wisconsinhistory.org/record/image/W0131E2/second-point-lake-mendota'>Wisconsin Historical Society</a>."
                    },
                    {
                        "content": "Most notable about Frautschi Point are the lakeshore and the trees. While this feels like a natural area, and for the most part it is, it is also a landscape of change, and of colonization. Many of the trees within the Frautschi Point area and across the Lakeshore Nature Preserve are non-native species, like \u201cbuckthorns, honeysuckle shrubs...Norway maples...[and] garlic mustard\u201d as well as \u201clarge pioneer trees such as box elder, green ash, black cherry, and bigtooth aspen.\u201d<sup>2</sup> Prior to the arrival of settlers, the time before treaties, and the damming of Lake Mendota, when Ho-Chunk people lived across Teejop, much of this landscape would have been wetlands and oak savannas\u2014fewer trees, more tall grasses.\u00a0\u00a0"
                    },
                    {
                        "image": "img/tour10/second_point.jpg",
                        "alt": " Pencil drawing of Burr Oaks in the oak savanna setting of Madison, Wisconsin.",
                        "caption": " Sketch of Burr Oaks, 1852 by Adolf Hoeffler. Retrieved from <a href='https://www.wisconsinhistory.org/record/image/W013ZJ2/burr-oaks'>Wisconsin Historical Society</a>."
                    },
                    {
                        "content": "These changes to the land reflect land use and the associated land value. For the Ho-Chunk and other Indigenous peoples, there is relationality with the land. People steward the land, knowing that it will provide for them, and in turn they care for and offer thanks to the land, ensuring long-term sustainability. Over time, resource extraction has changed our relationship to land, particularly over the last century, with the rise of western agriculture and farming across southern Wisconsin.\u00a0\u00a0"
                    },
                    {
                        "content": "Since the 1980s and increasingly today, this land is protected and stewarded by UW through the Lakeshore Nature Preserve. The staff at the Lakeshore Nature Preserve, who oversee 300-acres of university land along the southern shore of Lake Mendota, are guided by the Preserve\u2019s mission: to \u201c[shelter] natural environments and cultural resources through active learning, research, and outreach in a place of respite and well-being.\u201d<sup>3</sup>\u00a0"
                    },
                    {
                        "content": "In the coming years, UW will expand this mission with the construction of the Lakeshore Nature Preserve\u2019s Frautschi Center.<sup>4</sup> This new building will be located near the primary entrance to the Picnic Point Peninsula, near the parking lot, and will offer visitors the Preserve an opportunity for not only hands on learning, but a chance to learn more about the cultural history of this area, including Ho-Chunk history.\u00a0"
                    },
                    {
                        "sources": [
                            {
                                "link": "https://us.macmillan.com/books/9780809016341/changesinthelandrevisededition/",
                                "linkText": " William Cronon, Changes in the Land",
                                "title": "1"
                            },
                            {
                                "link": "https://lakeshorepreserve.wisc.edu/visit/places/frautschi-point/",
                                "linkText": " \u201cFrautschi Point\u201d",
                                "title": "2"
                            },
                            {
                                "link": "https://lakeshorepreserve.wisc.edu/mission/",
                                "linkText": " \u201cMission and Vision Statements\u201d",
                                "title": "3"
                            },
                            {
                                "link": "https://lakeshorepreserve.wisc.edu/support-the-lakeshore-nature-preserve-frautschi-center/",
                                "linkText": " \u201cThe Lakeshore Nature Preserve Frautschi Center \u2013 a new \u2018front door\u2019 to the Preserve\u201d",
                                "title": "4"
                            }
                        ]
                    }
                ],
                "name": "Frautschi Point",
                "pointOnTour": 2,
                "pk": 63,
                "tours": "tour10",
                "audio": "frautschi_point",
                "label": "Enter the wooded path and continue towards <b>Frautschi Point</b>."
            },
            "geometry": {
                "type": "Point",
                "coordinates": [
                    -89.43102170394384,
                    43.09263905020051
                ]
            }
        },
        {
            "type": "Feature",
            "properties": {
                "story": [
                    {
                        "image": "img/tour10/biocore_prairie.jpg",
                        "alt": " A dirt path next to a tallgrass prairie in late Summer.",
                        "caption": " Photo by Gareth Baldrica-Franklin."
                    },
                    {
                        "content": "The Biocore Prairie represents a decades long effort of UW students and faculty, begun in the late 1990s, to restore a once agricultural area of the Lakeshore Nature Preserve. The Biocore Prairie aims to return tallgrass prairie and oak savanna, environments that would have covered much of the Teejop area, to the Lakeshore Nature Preserve.\u00a0\u00a0"
                    },
                    {
                        "image": "img/tour10/biocore_blooms.jpg",
                        "alt": " An assortment of wildflowers and prairie plants, including sunflower varieties, wild bergamot, and milkweed, take in the summer sun at the BioCore Prairie near Picnic Point at the University of Wisconsin-Madison on July 1, 2024.",
                        "caption": " Biocore prairie blooming in the Summer. Photo by Bryce Richter, retrieved from the UW Photo Library."
                    },
                    {
                        "content": "While the Biocore Prairie is a living classroom today (please note, gathering and foraging of berries, mushrooms, etc. in the Lakeshore Nature Preserve is prohibited), Teejop has always provided for the Ho-Chunk people. It is likely that berries would have grown and been harvested throughout this area by Ho-Chunk and other Indigenous people.\u00a0\u00a0"
                    },
                    {
                        "content": "Berries hold important cultural, nutritional, and medicinal importance to many Native communities. Serviceberries (also known as juneberries), blueberries, chokecherries, sumac, aronia berries, wild cranberries, and wild strawberries are essential components of a traditional diet for the Ho-Chunk community as well as for other tribal nations of the upper Great Lakes.<sup>1</sup> These berries would have been gathered from prairies, wetlands, and forest edges during the warmer summer months.\u00a0\u00a0"
                    },
                    {
                        "content": "One food item made from berries is called pemmican. For pemmican, \u201cdried berries, along with dried venison or bison, were pounded to a fine powder, bound with rendered fat, and solidified into the original energy bar.\u201d<sup>2</sup> Berries were also used medicinally, primarily used to inflammation and strengthen the heart\u2013the same reasons berries remain part of a healthy diet today. For the Ho-Chunk and other Indigenous people of the upper Great Lakes, berries also hold ceremonial importance. For example, wild strawberries are often the first fruit of the season and are used to honor kinship and serve as reminders of how all living things are connected.\u00a0\u00a0"
                    },
                    {
                        "sources": [
                            {
                                "link": "https://shop.mnhs.org/products/the-good-berry-cookbook",
                                "linkText": " Tashia Hart, The Good Berry Cookbook",
                                "title": "1"
                            },
                            {
                                "link": "https://www.simonandschuster.com/books/The-Serviceberry/Robin-Wall-Kimmerer/9781668072240",
                                "linkText": " Robin Wall Kimmerer, The Serviceberry: Abundance and Reciprocity in the Natural World, (first page of chapter 1)",
                                "title": "2"
                            }
                        ]
                    }
                ],
                "name": "Biocore Prairie",
                "pointOnTour": 3,
                "pk": 64,
                "tours": "tour10",
                "audio": "biocore_prairie",
                "label": "Continue southeast on the trail alongside <b>Lake Mendota</b> until you reach the <b>Biocore Prairie<b/>."
            },
            "geometry": {
                "type": "Point",
                "coordinates": [
                    -89.42926628415778,
                    43.08961452561498
                ]
            }
        },
        {
            "type": "Feature",
            "properties": {
                "story": [
                    {
                        "image": "img/tour10/eagle_heights_garden.jpg",
                        "alt": " A view over prairie to the Eagle Heights garden.",
                        "caption": " Photo by Gareth Baldrica-Franklin."
                    },
                    {
                        "content": "Eagle Heights Community Gardens (EHCG), is an organic, plot-based garden, established in 1962, that sits within the Lakeshore Nature Preserve. Across the 450 garden plots you\u2019ll see a wide range of fruits, vegetables, and flowers, including tomatoes, cilantro, cucumbers, bush and climbing beans, peppers, sunflowers, and companion flowers like marigolds. While today\u2019s gardeners are a global community of UW students, faculty, and staff\u2014approximately 60 languages are spoken in the gardens\u2014this multicultural foodscape occupies Ho-Chunk homelands. As a gentle reminder, as you meander around the gardens, please do not pick any food or flower items from garden plots as this is considered theft.\u00a0"
                    },
                    {
                        "image": "img/tour10/eagle_heights_garden_entrance.jpg",
                        "alt": " The Eagle Heights Community Garden sign and gardens supplies welcome visitors at the University of Wisconsin\u2013Madison on a summer evening on June 30, 2026",
                        "caption": " The entrance to Eagle Heights Garden, June 2026. Photo by Althea Dotzour, retrieved from the UW Photo and Video Library."
                    },
                    {
                        "content": "The EHCG provides an opportunity to think about Indigenous foodways that are rooted in sovereignty, reciprocity, and polyculture traditions that interweave nutrition and ecology. For example, the \u201cthree sisters\u201d of corn, beans, and squash are often grown together as a way to maintain soil and plant health.<sup>1</sup>\u00a0\u00a0"
                    },
                    {
                        "content": "While the EHCG emphasizes organic practices, community building, and diverse global crops, current Native food leaders in Wisconsin center revitalization of traditional foods and tribal self-determination. This is reflected in ongoing, grant-funded, tribal-UW collaborations on food sovereignty initiatives locally and across the state. An example of this work is the Indigenous Food Systems Resilience Project.<sup>3</sup> "
                    },
                    {
                        "content": "Taken together, the garden\u2019s global abundance and the Indigenous stewardship ethos both underscore that food production here is not only about harvests, it\u2019s about relationship to place and responsibility to the land.\u00a0\u00a0"
                    },
                    {
                        "sources": [
                            {
                                "link": "https://lakeshorepreserve.wisc.edu/visit/places/eagle-heights-community-gardens/",
                                "linkText": " \u201cEagle Heights Community Gardens\u201d",
                                "title": "1"
                            },
                            {
                                "link": "https://milkweed.org/book/braiding-sweetgrass",
                                "linkText": " Robin Wall Kimmerer, Braiding Sweetgrass p.126",
                                "title": "2"
                            },
                            {
                                "link": "https://foodsystems.extension.wisc.edu/indigenous-food-systems-resilience/",
                                "linkText": " Indigenous Food Systems Resilience Project",
                                "title": "3"
                            }
                        ]
                    }
                ],
                "name": "Eagle Heights Community Garden",
                "pointOnTour": 4,
                "pk": 65,
                "tours": "tour10",
                "audio": "ehcg",
                "label": "Continue on the trail alongside <b>Biocore Prairie</b> back towards the <b>Eagle Heights Housing</b>. You will reach a low vista with views of the <b>Eagle Heights Community Garden</b>."
            },
            "geometry": {
                "type": "Point",
                "coordinates": [
                    -89.43137844110367,
                    43.089460716112306
                ]
            }
        },
        {
            "type": "Feature",
            "properties": {
                "story": [
                    {
                        "image": "img/tour10/eagle_heights_housing.jpg",
                        "alt": " A row of low brick apartments across a street.",
                        "caption": " Photo by Gareth Baldrica-Franklin."
                    },
                    {
                        "content": "Nestled just inside the edge of far northwest corner of the Lakeshore Nature Preserve, where the Preserve hugs the shore of Lake Mendota, is Eagle Heights, a UW housing community primarily serving graduate students and students with families.\u00a0\u00a0"
                    },
                    {
                        "content": "The parcel of land that Eagle Heights Apartments sits on was first acquired by UW in 1911, when it was purchased from George Raymer. Raymer was a prominent Madison citizen who published a local newspaper and served on the UW Board of Regents. When he purchased the land in 1887, it was already a large farm, and he soon set to work connecting his land to the network of \u201cpleasure drives\u201d spreading across the isthmus. When UW purchased it from Raymer in 1911, the land served as an agricultural research farm for thirty years.\u00a0\u00a0"
                    },
                    {
                        "image": "img/tour10/eagle_heights_1958.jpg",
                        "alt": " Aerial view of Eagle Heights Farm, Eagle Heights Woods and part of Lake Mendota. Sites labeled on the image are Eagle Heights, Tent Colony, Apartment Site, and Shorewood Hills. University Houses are at bottom right and University Apartments Community Garden are near bottom left.",
                        "caption": " Aerial view of the Eagle Heights area in 1958. Retrieved from <a href='https://www.wisconsinhistory.org/record/image/W0133Z3/eagle-heights-and-woods'>Wisconsin Historical Society</a>."
                    },
                    {
                        "content": "In 1941, UW sold the land to Edward Young in exchange for the land of the Picnic Point Peninsula. After Young\u2019s death, the land was briefly owned by Thomas Brittingham Jr. before he provided the funding for UW to re-purchase the land in 1951.\u00a0\u00a0\u00a0"
                    },
                    {
                        "content": "Though the historical record does not tell us who George Raymer purchased his land from in 1887, and this parcel of land shifted hands multiple times during the nineteenth and twentieth centuries, we know this has always been part of Ho-Chunk homelands. On September 15, 1832, the Ho-Chunk were forced to sign a treaty relinquishing their rights to Teejop, a treaty that ceded nearly 3 million acres of land across present-day southern Wisconsin to the United States.<sup>2</sup>\u00a0"
                    },
                    {
                        "content": "Treaty Day, recognized annually on September 15, is a reminder of the deep Ho-Chunk history across all of Teejop.<sup>3</sup> And Eagle Heights is a reminder of the beauty of this land, a juxtaposition of past and present. A place to think about changing land use \u2013 from traditional stewardship and relationality to agriculture and tourism to student housing. We all have a responsibility to the places we call home, including Eagle Heights.\u00a0"
                    },
                    {
                        "sources": [
                            {
                                "link": "https://lakeshorepreserve.wisc.edu/wp-content/uploads/sites/27/2017/01/Brock_Eagle_Heights_Historic_Madison_1995.pdf",
                                "linkText": " \u201cEagle Heights\u201d",
                                "title": "1"
                            },
                            {
                                "link": "https://www.mpm.edu/index.php/educators/wirp/nations/ho-chunk/treaties-treaty-rights",
                                "linkText": " \u201cHo-Chunk Treaties and Treaty Rights\u201d",
                                "title": "2"
                            },
                            {
                                "link": "https://oursharedfuture.wisc.edu/treaty-day/",
                                "linkText": " \u201cTreaty Day\u201d",
                                "title": "3"
                            }
                        ]
                    }
                ],
                "name": "Eagle Heights Student Housing",
                "pointOnTour": 5,
                "pk": 66,
                "tours": "tour10",
                "audio": "eagle_heights_housing",
                "label": "Continue back towards the <b>Frautschi Point Parking Lot</b> until you have a clear view of the <b>Eagle Heights Student Housing<b/> complex."
            },
            "geometry": {
                "type": "Point",
                "coordinates": [
                    -89.43357076684731,
                    43.090321538474036
                ]
            }
        }
    ]
}